chrom	start	end	gene1	gene2	composite_rank	phylop_mean	phylop_median	phylop_frac_positive	phylop_frac_gt1	phylop_frac_gt2
chr9	32550561	32552586	SMIM27	TOPORS	1	0.041	-0.026	0.481	0.1625	0.0756
chr5	154857448	154859252	CNOT8	FAXDC2	2	0.0589	0.003	0.5028	0.1397	0.0543
chr2	241314884	241317061	SEPTIN2	HDLBP	3	-0.0166	-0.043	0.4635	0.152	0.0579
chr2	219176224	219178289	RETREG2	CNPPD1	4	0.2567	0.042	0.5346	0.1772	0.0891
chr12	106301928	106304279	TCP11L2	CKAP4	5	0.0211	0.012	0.507	0.131	0.0379
chr8	90000913	90003228	DECR1	NBN	6	-0.2535	-0.115	0.419	0.0773	0.022
chr9	93451058	93453581	FAM120A	FAM120AOS	7	0.776	0.136	0.5704	0.2683	0.1752
chr1	19484402	19486150	MICOS10	CAPZB	8	0.0584	0.073	0.5509	0.1424	0.04
chr14	31025105	31026850	AP4S1	STRN3	9	0.9107	0.494	0.6848	0.3691	0.2063
chr10	68331173	68333049	HNRNPH3	PBLD	10	0.3011	0.1435	0.5789	0.2388	0.1109
chr1	5990926	5993346	KCNAB2	NPHP4	11	-0.1924	-0.102	0.4306	0.1017	0.0347
chr14	64503249	64505462	ZBTB1	ZBTB25	12	1.0397	0.818	0.8025	0.4546	0.2124
chr16	10941639	10944906	DEXI	CLEC16A	13	0.674	0.196	0.6107	0.247	0.1292
chr19	49639966	49642507	RRAS	SCAF1	14	0.4559	0.268	0.6301	0.2452	0.1106
chr17	63773324	63776351	DDX42	CCDC47	15	0.2188	0.116	0.5808	0.1804	0.0538
chr1	167935782	167937563	DCAF6	MPC2	16	0.5134	0.309	0.6429	0.2757	0.1297
chr5	74639900	74641726	HEXB	ENC1	17	0.1519	0.0525	0.5444	0.1709	0.0586
chr2	26243169	26245078	HADHB	HADHA	18	0.0159	0.032	0.5223	0.1221	0.0424
chr12	6765515	6767757	PTMS	MLF2	19	0.3893	0.2505	0.6374	0.2364	0.0794
chr9	129834697	129836042	USP20	C9orf78	20	0.3375	0.086	0.5576	0.1933	0.1048
chr3	49020458	49022553	NDUFAF3	DALRD3	21	0.5146	0.17	0.6172	0.243	0.136
chr3	23945160	23946591	NR1D2	NKIRAS1	22	0.1437	0.074	0.5437	0.1831	0.0636
chr12	122980059	122981649	ARL6IP4	ABCB9	23	-0.2456	-0.1725	0.4019	0.1277	0.0509
chr19	46745984	46746994	FKRP	STRN4	24	0.2995	0.1595	0.5871	0.197	0.0931
chr6	41786142	41787838	FRS3	TOMM6	25	0.4842	0.0905	0.5513	0.2394	0.1309
chr17	42609041	42610623	TUBG1	RETREG3	26	1.5799	0.503	0.6896	0.3856	0.2636
chr6	170553036	170554735	PSMB1	TBP	27	0.1091	-0.011	0.4909	0.1442	0.0683
chr21	33641570	33643926	ITSN1	CRYZL1	28	0.4027	0.201	0.6133	0.2347	0.0976
chr2	130181267	130182773	MZT2B	SMPD4	29	0.0729	-0.033	0.4761	0.1753	0.0923
chr17	64505361	64508199	CEP95	DDX5	30	0.4397	0.103	0.5655	0.2452	0.1431
chr4	673484	674937	MYL5	ATP5ME	31	-0.5822	-0.415	0.3111	0.0888	0.033
chr8	42541092	42542052	SMIM19	SLC20A2	32	0.0987	0.055	0.5417	0.1698	0.0458
chr19	49590262	49592250	NOSIP	PRR12	33	1.1544	0.8925	0.8159	0.4728	0.2168
chr21	25734503	25735900	GABPA	ATP5PF	34	0.6912	0.475	0.7137	0.3443	0.1718
chr8	73293988	73295944	RDH10	RPL7	35	0.7752	0.338	0.6641	0.2899	0.16
chr12	108560719	108562983	SART3	ISCU	36	0.2209	0.045	0.5318	0.1992	0.091
chr12	123971844	123974181	ZNF664	CCDC92	37	0.1748	0.132	0.5768	0.1789	0.0475
chr11	67468173	67469482	AIP	TMEM134	38	0.1427	0.026	0.521	0.1742	0.071
chr2	197515570	197516737	MOB4	HSPD1	39	0.2336	0.033	0.5278	0.1919	0.0977
chr1	37806978	37808730	C1orf122	YRDC	40	0.8177	0.447	0.6992	0.3202	0.1627
chr16	69131290	69133005	UTP4	CHTF8	41	0.3018	0.165	0.6134	0.2093	0.077
chr3	122793638	122795630	HSPBAP1	SLC49A4	42	0.5157	0.124	0.5713	0.2299	0.132
chr10	63521110	63522270	REEP3	JMJD1C	43	0.3393	0.2005	0.6181	0.2164	0.0629
chr16	74998859	75000309	ZNRF1	WDR59	44	1.4154	0.722	0.7972	0.4117	0.2745
chr1	235327023	235328845	GGPS1	ARID4B	45	0.8927	0.635	0.7519	0.3924	0.1932
chr3	63863154	63864681	ATXN7	THOC7	46	-0.1361	-0.061	0.4512	0.1022	0.0236
chr17	4947647	4950612	ENO3	PFN1	47	0.6249	0.332	0.6843	0.2961	0.1329
chr12	105235289	105236321	C12orf75	APPL2	48	0.1272	-0.017	0.4874	0.1483	0.0659
chr3	52704954	52706410	SPCS1	GLT8D1	49	-0.0923	-0.0835	0.4402	0.1154	0.0426
chr16	75647366	75648681	TERF2IP	KARS1	50	0.8716	0.479	0.6304	0.3856	0.2456
chr17	10697108	10698375	ADPRM	SCO1	51	-0.3286	-0.167	0.3907	0.0994	0.0292
chr17	75784765	75785893	UNK	H3-3B	52	1.0787	0.4955	0.6569	0.3945	0.2793
chr17	2336336	2338253	TSR1	SGSM2	53	0.2718	0.105	0.5608	0.2066	0.097
chr10	102502467	102504398	ACTR1A	SUFU	54	0.9579	0.449	0.7033	0.3387	0.1838
chr6	31665038	31666316	CSNK2B	GPANK1	55	0.4588	0.217	0.6228	0.2731	0.1275
chr2	27211564	27212958	ATRAID	SLC5A6	56	-0.1608	-0.0805	0.4462	0.1133	0.0308
chr1	231337103	231338636	SPRTN	EXOC8	57	2.1408	0.81	0.6902	0.4697	0.3751
chr3	49411428	49412998	TCTA	RHOA	58	0.8673	0.5325	0.7376	0.349	0.1669
chr12	57087014	57089333	NEMP1	NAB2	59	0.44	0.247	0.6292	0.2579	0.1125
chr1	155687959	155689334	DAP3	YY1AP1	60	0.643	0.499	0.7069	0.3716	0.1695
chr1	112618969	112620825	CAPZA1	ST7L	61	0.6454	0.3155	0.6805	0.2683	0.1395
chr11	64317174	64318585	TRMT112	PRDX5	62	0.1925	-0.094	0.45	0.1786	0.112
chr1	50959775	50960744	FAF1	CDKN2C	63	1.1209	0.743	0.7853	0.4283	0.2539
chr5	69369260	69370039	RAD17	AK6	64	0.0368	-0.053	0.4673	0.1643	0.0809
chr17	18314507	18315742	TOP3A	SMCR8	65	0.2599	-0.003	0.498	0.1725	0.102
chr14	24146682	24147906	RNF31	PSME2	66	0.2781	0.1445	0.5964	0.2288	0.1013
chr19	2235682	2237704	SF3A2	PLEKHJ1	67	-0.0342	-0.101	0.45	0.137	0.0772
chr5	179805532	179807595	SQSTM1	MGAT4B	68	-0.0878	-0.078	0.4411	0.144	0.0543
chr1	150268199	150269580	C1orf54	APH1A	69	0.8056	0.438	0.6966	0.3121	0.1521
chr2	190343569	190344274	INPP1	HIBCH	70	0.2208	0.119	0.5702	0.173	0.0624
chr19	5622237	5624046	SAFB	SAFB2	71	0.3019	-0.004	0.4975	0.2349	0.1426
chr17	81890636	81892105	ANAPC11	ALYREF	72	0.4903	0.07	0.5425	0.2546	0.1504
chr3	44975240	44976644	EXOSC7	ZDHHC3	73	0.2102	0.089	0.5499	0.1781	0.0712
chr19	49876139	49878351	TBC1D17	PNKP	74	0.4342	0.1275	0.5646	0.2473	0.1252
chr17	76735864	76738140	MFSD11	SRSF2	75	1.4284	0.433	0.6388	0.4016	0.2922
chr4	139301272	139302551	NAA15	NDUFC1	76	0.9599	0.555	0.7045	0.3894	0.2197
chr1	156053171	156054849	UBQLN4	LAMTOR2	77	0.3034	0.1665	0.5965	0.2032	0.087
chr5	140647057	140647919	IK	NDUFA2	78	0.7916	0.094	0.5522	0.2703	0.1856
chr2	46616415	46617193	CRIPT	PIGF	79	-0.0245	-0.049	0.4717	0.1247	0.0566
chr11	62611721	62613084	ROM1	EML3	80	0.3061	0.166	0.6178	0.215	0.0719
chr4	145098011	145098674	ABCE1	ANAPC10	81	0.232	0.079	0.5535	0.2097	0.092
chr11	58578200	58579848	LPXN	ZFP91	82	1.0278	0.8095	0.7591	0.4533	0.2451
chr12	48105138	48106449	PFKM	SENP1	83	0.767	0.538	0.7437	0.3577	0.1548
chr17	1829591	1830634	RPA1	SMYD4	84	-0.0735	-0.029	0.4727	0.1352	0.0451
chr3	134485678	134486716	CEP63	ANAPC13	85	-0.104	-0.0755	0.4499	0.1252	0.0453
chr2	218269650	218270670	PNKD	AAMP	86	1.369	1.112	0.8186	0.5275	0.3206
chr14	100376002	100376805	WDR25	WARS1	87	0.1046	0.022	0.5168	0.1644	0.0797
chr1	243254439	243256033	CEP170	SDCCAG8	88	0.5447	0.3255	0.6731	0.2898	0.1468
chr1	32816766	32818305	S100PBP	YARS1	89	0.5137	0.239	0.6413	0.2482	0.1098
chrX	7147236	7148447	STS	PUDP	90	-0.1708	-0.132	0.4236	0.0983	0.0363
chr10	87094000	87095741	SHLD2	GLUD1	91	0.725	0.13	0.5709	0.2803	0.1758
chr6	110178822	110180618	WASF1	CDC40	92	0.7755	0.4715	0.7199	0.3463	0.1687
chr5	80654184	80655054	MSH3	DHFR	93	0.231	0.0145	0.508	0.1966	0.1092
chr19	13116083	13117567	NACC1	TRMT1	94	0.4016	0.099	0.5681	0.1867	0.0849
chr2	218658763	218659854	BCS1L	ZNF142	95	0.4403	0.255	0.6425	0.2621	0.1137
chrX	153970620	153973029	HCFC1	TMEM187	96	1.0211	0.555	0.7198	0.3923	0.1976
chr1	222711984	222713210	BROX	AIDA	97	0.6798	0.205	0.5914	0.3018	0.1811
chr4	75513945	75514793	THAP6	RCHY1	98	0.3097	0.176	0.5979	0.2217	0.0991
chr13	113208048	113210203	CUL4A	PCID2	99	0.0879	-0.148	0.4148	0.1601	0.0923
chr7	726448	727650	DNAAF5	PRKAR1B	100	0.3426	0.1235	0.5666	0.2537	0.1148
chr17	7251105	7252807	ELP5	CTDNEP1	101	0.5394	0.3485	0.6645	0.2855	0.1334
chr1	151070325	151071095	CDC42SE1	GABPB2	102	0.4554	0.139	0.5584	0.2727	0.1623
chr7	151057209	151058339	SLC4A2	CDK5	103	0.6326	0.323	0.6832	0.2823	0.1336
chr9	35814450	35815354	TMEM8B	HINT2	104	-0.0947	-0.039	0.4646	0.1018	0.0277
chr6	44126913	44128397	TMEM63B	MRPL14	105	0.2588	0.166	0.622	0.1833	0.0647
chr10	35126560	35127757	CREM	CUL2	106	0.0955	0.035	0.528	0.1621	0.0585
chr1	111139478	111140681	CEPT1	DRAM2	107	-0.0328	-0.004	0.4672	0.1305	0.0457
chr9	75087969	75088903	NMRK1	OSTF1	108	0.078	0.017	0.5086	0.151	0.0685
chr22	19941370	19941945	COMT	TXNRD2	109	-0.0391	-0.021	0.4765	0.1061	0.0383
chr19	2163633	2165604	DOT1L	AP3D1	110	0.2567	0.063	0.5464	0.2019	0.0812
chr1	52055074	52056624	TXNDC12	BTF3L4	111	0.6267	0.338	0.6845	0.2884	0.1271
chr1	193059091	193060141	RO60	UCHL5	112	0.6269	0.23	0.6095	0.2724	0.1362
chr22	30968578	30969589	MORC2	TUG1	113	1.3948	1.342	0.8289	0.5678	0.3106
chr19	49928701	49929881	ATF5	NUP62	114	0.1605	-0.0005	0.4992	0.1915	0.1025
chr10	100529071	100530000	HIF1AN	NDUFB8	115	0.9952	0.359	0.6674	0.3326	0.211
chr8	103414666	103415595	DCAF13	SLC25A32	116	0.6924	0.064	0.5307	0.2863	0.1851
chr12	53499411	53501529	MAP3K12	TARBP2	117	0.6414	0.345	0.6728	0.3045	0.1374
chr16	56450953	56452199	OGFOD1	NUDT21	118	0.8268	0.2485	0.6156	0.2865	0.1685
chr6	149749377	149750149	PCMT1	NUP43	119	1.2413	0.582	0.715	0.3977	0.2435
chr16	85798632	85800236	COX4I1	EMC8	120	0.5017	0.0335	0.5305	0.2182	0.134
chr9	133356273	133357090	SURF2	SURF1	121	0.3868	0.048	0.5447	0.213	0.1285
chr17	5419187	5420396	RPAIN	NUP88	122	0.3138	0.094	0.5509	0.2415	0.1266
chr11	34915781	34916833	PDHX	APIP	123	-0.0322	-0.037	0.4667	0.1568	0.0827
chr3	15601263	15602074	BTD	HACL1	124	-0.5107	-0.315	0.3514	0.1023	0.0506
chr12	110468074	110469378	FAM216A	GPN3	125	0.36	0.089	0.566	0.1933	0.0905
chr17	19377687	19379228	MAPK7	B9D1	126	0.3424	0.028	0.5146	0.2038	0.1084
chr9	34637203	34638132	SIGMAR1	GALT	127	1.273	0.273	0.6233	0.3369	0.226
chr1	45339892	45340893	TOE1	MUTYH	128	0.0055	0.014	0.5125	0.1499	0.04
chr19	45178065	45179898	TRAPPC6A	BLOC1S3	129	0.4958	0.214	0.6001	0.2793	0.1402
chr7	92528173	92529091	PEX1	RBM48	130	0.5078	0.067	0.5359	0.2375	0.1481
chr3	42600352	42601113	NKTR	SEC22C	131	0.4669	0.191	0.5913	0.2773	0.1248
chr3	36992737	36993865	EPM2AIP1	MLH1	132	1.1229	0.456	0.6578	0.3715	0.2225
chr17	75261099	75262363	MRPS7	GGA3	133	0.2528	0.0315	0.519	0.1796	0.0767
chr1	100895032	100896252	EXTL2	SLC30A7	134	0.0128	0.022	0.5148	0.1279	0.0451
chr4	127964849	127966034	ABHD18	MFSD8	135	-0.243	-0.174	0.384	0.0987	0.0295
chr7	66995125	66995816	TYW1	SBDS	136	0.6224	-0.007	0.4978	0.2185	0.1606
chr22	41446253	41447915	TOB2	ACO2	137	0.0113	-0.0605	0.4657	0.1504	0.0752
chr19	47112698	47113844	SAE1	ZC3H4	138	0.6883	0.531	0.7277	0.3464	0.1422
chr1	35557079	35558233	NCDN	KIAA0319L	139	1.3617	1.1135	0.8674	0.5364	0.2938
chr1	154220178	154221312	UBAP2L	C1orf43	140	1.4789	1.194	0.8325	0.5441	0.3095
chr4	165207233	165208549	KLHL2	TMEM192	141	0.4232	0.302	0.6763	0.2302	0.0775
chr9	128275312	128276416	SWI5	GOLGA2	142	0.3008	0.141	0.5897	0.2237	0.0996
chr1	11805405	11806509	CLCN6	MTHFR	143	0.2564	0.089	0.5417	0.2237	0.1196
chr17	51259741	51261222	MBTD1	UTP18	144	0.8783	0.628	0.7508	0.4072	0.1837
chr5	150000045	150001239	HMGXB3	TIGD6	145	0.557	0.285	0.6642	0.2822	0.129
chr2	27889940	27890897	BABAM2	RBKS	146	0.4576	0.178	0.5987	0.256	0.1223
chr3	47282257	47283451	KLHL18	KIF9	147	0.7714	0.2265	0.6281	0.2714	0.1591
chr7	92245467	92246537	ANKIB1	KRIT1	148	0.5342	0.3635	0.6841	0.2822	0.1009
chr11	65857024	65862026	MUS81	CFL1	149	0.2833	0.077	0.5536	0.1969	0.096
chr4	184648807	184650062	PRIMPOL	CASP3	150	-0.7262	-0.438	0.3036	0.0359	0.0056
chr3	128051640	128052781	SEC61A1	MGLL	151	-0.0476	-0.037	0.4689	0.1253	0.0491
chr16	20899867	20901294	LYRM1	ERI2	152	0.9676	0.686	0.7933	0.4198	0.2137
chr14	103561895	103563334	KLC1	BAG5	153	-0.1403	-0.093	0.4385	0.1216	0.0389
chr12	57771491	57772958	EEF1AKMT3	METTL1	154	0.5184	0.122	0.5821	0.2277	0.1309
chr10	1048397	1049654	IDI1	WDR37	155	-0.3433	-0.264	0.3126	0.0374	0.0
chr17	59707191	59707747	VMP1	PTRH2	156	0.4182	0.1585	0.5971	0.2734	0.1241
chr15	100601770	100603230	ASB7	LINS1	157	0.7081	0.363	0.6795	0.3253	0.174
chr14	35121845	35122797	PRORP	PPP2R3C	158	0.087	-0.0265	0.4737	0.1334	0.0746
chr15	77419283	77420411	PEAK1	HMG20A	159	0.3986	0.232	0.6676	0.2358	0.0612
chr9	35731813	35732760	TLN1	CREB3	160	0.1898	0.141	0.5776	0.2154	0.0824
chr14	73949925	73950655	COQ6	FAM161B	161	0.3796	0.0285	0.5219	0.2082	0.1123
chr7	16644614	16646739	ANKMY2	BZW2	162	0.2182	0.093	0.5567	0.1976	0.0814
chr17	5486070	5486963	MIS12	DERL2	163	0.6042	0.133	0.5756	0.2598	0.1344
chr11	206975	209225	BET1L	RIC8A	164	-0.4591	-0.3235	0.3267	0.0653	0.0262
chr16	29995257	29996553	INO80E	HIRIP3	165	0.6625	0.2855	0.6543	0.2894	0.1543
chr5	149550686	149551946	CSNK1A1	ARHGEF37	166	1.1257	0.5285	0.7016	0.3603	0.1984
chr11	62726522	62728068	HNRNPUL2	TTC9C	167	0.5314	0.287	0.6449	0.295	0.1268
chr22	20858422	20859417	SNAP29	PI4KA	168	0.4907	0.059	0.5226	0.2683	0.1799
chr9	128881632	128882494	LRRC8A	KYAT1	169	0.4083	0.1175	0.5742	0.2506	0.1253
chr12	6493194	6494140	NCAPD2	MRPL51	170	-0.2549	-0.1415	0.4091	0.1121	0.0349
chr11	57712014	57712836	MED19	TMX2	171	1.5713	0.54	0.6691	0.4088	0.3151
chr3	150602874	150604004	SELENOT	SERP1	172	0.2852	0.0775	0.5469	0.2097	0.115
chr5	75510756	75512149	POLK	CERT1	173	0.8281	0.474	0.7107	0.3281	0.1565
chr8	116766248	116766925	UTP23	EIF3H	174	1.0389	0.11	0.5495	0.2999	0.223
chr18	75207959	75212227	PTGR3	TSHZ1	175	1.13	0.599	0.7479	0.3946	0.2261
chr21	33541997	33543491	SON	GART	176	0.4317	0.0435	0.5295	0.2711	0.1606
chr16	71808020	71809201	ATXN1L	AP1G1	177	0.9706	0.61	0.7358	0.3743	0.2015
chr6	109094357	109095544	SESN1	CEP57L1	178	0.4284	0.255	0.6344	0.2755	0.1053
chr14	21476596	21477653	TOX4	RAB2B	179	0.9979	0.447	0.7114	0.3623	0.2062
chr2	171433854	171434802	DCAF17	METTL8	180	0.195	0.041	0.5327	0.1793	0.097
chr12	990053	991136	RAD52	ERC1	181	0.0192	0.037	0.5337	0.1173	0.024
chr10	112446846	112447572	VTI1A	ZDHHC6	182	0.6125	0.0865	0.5386	0.2645	0.1653
chr6	18154964	18156123	TPMT	KDM1B	183	0.0863	0.044	0.5375	0.1743	0.0569
chr17	49788612	49789362	KAT7	FAM117A	184	1.4929	1.1335	0.8387	0.5333	0.3187
chr18	21704204	21705091	ABHD3	MIB1	185	0.4641	0.009	0.5028	0.2255	0.1421
chr1	86914424	86915531	SELENOF	HS2ST1	186	1.3628	0.663	0.72	0.4273	0.2728
chr1	63593266	63594242	PGM1	ITGB3BP	187	0.836	0.1465	0.5799	0.2746	0.1875
chr7	26199798	26202442	CBX3	HNRNPA2B1	188	0.3476	0.1525	0.5836	0.2606	0.1237
chr1	185156718	185157573	TRMT1L	SWT1	189	0.1845	0.092	0.5532	0.2234	0.0702
chr7	100428181	100430379	MEPCE	ZCWPW1	190	0.843	0.525	0.7116	0.3858	0.207
chr7	77798014	77799533	TMEM60	PHTF2	191	0.3409	0.178	0.6136	0.2265	0.0922
chr10	27154101	27155565	MASTL	YME1L1	192	0.1144	-0.1235	0.4331	0.151	0.0908
chr12	95217058	95218221	FGD6	VEZT	193	0.6858	0.336	0.6518	0.2958	0.147
chr3	9792308	9793301	ARPC4	TADA3	194	0.5363	0.294	0.6536	0.291	0.1138
chr20	63707307	63708922	ZGPAT	ARFRP1	195	-0.1478	-0.258	0.3697	0.1591	0.0929
chr15	42273200	42274206	GANC	TMEM87A	196	0.2714	0.0975	0.5497	0.2177	0.1153
chr11	95789296	95790879	CEP57	FAM76B	197	0.6228	0.231	0.6273	0.2786	0.1428
chr22	40856142	40857236	ST13	XPNPEP3	198	0.3286	0.066	0.5375	0.2294	0.1225
chr1	16352079	16352697	FBXO42	SZRD1	199	0.558	0.3725	0.6748	0.322	0.144
chr1	6612726	6615681	PHF13	KLHL21	200	-0.0465	-0.036	0.4755	0.1171	0.0345
chr13	113490163	113491310	DCUN1D2	TMCO3	201	-0.8052	-0.55	0.2633	0.0567	0.0122
chr3	113745590	113746769	NAA50	ATP6V1A	202	0.5125	0.34	0.6709	0.2858	0.1052
chr20	5126556	5127440	PCNA	CDS2	203	0.0617	0.0485	0.5271	0.1674	0.0486
chr20	62937457	62938564	DIDO1	GID8	204	0.0345	0.01	0.5077	0.1635	0.0578
chr6	109690386	109691566	FIG4	AK9	205	0.0623	-0.0385	0.4805	0.1559	0.0712
chr1	36155578	36156709	MAP7D1	TRAPPC3	206	0.285	0.177	0.6145	0.2042	0.0663
chr5	134648481	134649304	SEC24A	SAR1B	207	0.6017	0.249	0.6756	0.2746	0.1567
chr11	47248299	47249082	NR1H3	ACP2	208	0.3738	0.134	0.5964	0.2184	0.092
chr5	55307381	55308076	DHX29	MTREX	209	0.4845	0.184	0.5827	0.295	0.1856
chr6	5260497	5261702	LYRM4	FARS2	210	0.0881	-0.049	0.4664	0.1801	0.1062
chr17	6640034	6641243	KIAA0753	TXNDC17	211	0.2356	0.012	0.5062	0.1778	0.0951
chr1	246565905	246566974	TFB2M	CNST	212	0.2917	0.136	0.5828	0.2554	0.1169
chr19	19320157	19321385	SUGP1	MAU2	213	1.2116	0.3025	0.636	0.3363	0.241
chr2	74529096	74530803	HTRA2	AUP1	214	1.4447	0.624	0.7288	0.42	0.2671
chr7	101217016	101218420	ZNHIT1	PLOD3	215	0.1802	0.0625	0.5356	0.1923	0.0741
chr2	68157052	68158109	DNAAF10	PNO1	216	0.9334	0.187	0.5979	0.3075	0.2129
chr22	20495072	20496117	KLHL22	MED15	217	-0.0748	-0.031	0.4813	0.1378	0.0297
chr11	114400029	114400968	RBM7	C11orf71	218	0.4881	0.138	0.5676	0.2481	0.1406
chr11	46700429	46701029	ARHGAP1	ZNF408	219	0.1107	0.0745	0.5533	0.1783	0.05
chr10	74150842	74151722	AP3M1	ADK	220	0.2953	0.1705	0.6068	0.2148	0.1045
chr17	81683164	81684417	HGS	ARL16	221	-0.1101	-0.134	0.411	0.1556	0.071
chr14	89954556	89954938	EFCAB11	TDP1	222	-0.0564	0.016	0.5079	0.178	0.0785
chr12	112418350	112419439	PTPN11	RPL6	223	0.4867	0.351	0.6758	0.2929	0.1129
chr4	1711540	1713253	SLBP	TACC3	224	-0.2964	-0.204	0.3748	0.0969	0.0239
chr15	66386557	66387625	TIPIN	MAP2K1	225	0.3743	0.151	0.5908	0.2116	0.1039
chr17	2303223	2304085	SRR	SMG6	226	0.6163	0.3985	0.6694	0.319	0.1473
chr2	96265121	96266553	TMEM127	CIAO1	227	1.1753	0.4395	0.6913	0.3422	0.2256
chr8	124538970	124539458	NDUFB9	TATDN1	228	0.8059	0.2065	0.5471	0.3279	0.1906
chr11	71452868	71453634	DHCR7	NADSYN1	229	0.1393	-0.129	0.4426	0.1645	0.0836
chr16	89720399	89722681	ZNF276	VPS9D1	230	-0.3268	-0.2875	0.3545	0.1223	0.06
chr2	27663392	27664543	SLC4A1AP	SUPT7L	231	1.0953	0.288	0.6351	0.331	0.2189
chr11	119018168	119019405	RPS25	TRAPPC4	232	1.2913	0.036	0.5166	0.3217	0.2458
chr1	155562495	155563489	ASH1L	MSTO1	233	0.3239	0.2345	0.6167	0.2445	0.0785
chr7	100100550	100102023	AP4M1	MCM7	234	0.458	0.132	0.573	0.2587	0.1385
chr11	61361749	61362407	TMEM138	CYB561A3	235	-0.2206	-0.174	0.3891	0.1079	0.0653
chr3	94062804	94063389	NSUN3	DHFR2	236	-0.4414	-0.289	0.306	0.0667	0.0256
chr14	49598466	49600147	LRR1	RPS29	237	0.2219	-0.002	0.4997	0.1957	0.1101
chr1	183635148	183636198	ARPC5	RGL1	238	0.8711	0.277	0.6305	0.3124	0.1914
chr10	110918549	110920136	BBIP1	SHOC2	239	0.4441	0.268	0.6509	0.2653	0.1008
chr2	189783840	189784758	PMS1	ORMDL1	240	-0.1412	-0.118	0.4325	0.1078	0.0359
chr13	110712371	110716183	ING1	CARS2	241	0.4916	0.2125	0.6102	0.2615	0.1341
chr19	18919115	18919844	COPE	DDX49	242	0.9374	0.181	0.5789	0.3169	0.225
chr9	97633058	97634132	TSTD2	NCBP1	243	0.2542	0.0725	0.5484	0.1723	0.0708
chr1	145823593	145824433	POLR3C	RNF115	244	0.7924	0.307	0.6381	0.3	0.1667
chr20	17968112	17969365	SNX5	MGME1	245	0.1736	-0.007	0.4988	0.2474	0.1181
chr13	49443985	49444602	CAB39L	SETDB2	246	0.0002	-0.002	0.4992	0.1232	0.047
chr8	123041817	123042493	TBC1D31	DERL1	247	1.4458	0.749	0.7574	0.429	0.2944
chr10	125822760	125823628	UROS	BCCIP	248	-0.4462	-0.2665	0.3479	0.091	0.0346
chr2	130341896	130343290	CCDC115	IMP4	249	0.0699	-0.087	0.4383	0.17	0.1062
chr2	23926386	23927484	ATAD2B	UBXN2A	250	0.8	0.591	0.7395	0.3789	0.1831
chr9	33263783	33265120	BAG1	CHMP5	251	0.2286	0.101	0.5595	0.1847	0.08
chr19	8321157	8322088	RPS28	NDUFA7	252	1.1476	0.048	0.5177	0.3008	0.2589
chr1	165827416	165828446	UCK2	TMCO1	253	0.4576	0.278	0.6214	0.2583	0.1184
chr14	49620237	49621543	RPL36AL	MGAT2	254	0.944	0.4735	0.709	0.3806	0.2129
chr6	41921130	41921825	MED20	BYSL	255	0.8429	0.192	0.5971	0.3007	0.2
chr8	38996181	38997597	ADAM9	TM2D2	256	0.5369	0.172	0.5939	0.2578	0.1469
chr9	132669656	132671075	GTF3C4	DDX31	257	0.4059	0.082	0.5426	0.2417	0.1304
chr9	122264536	122264971	MRRF	RBM18	258	0.7217	0.355	0.669	0.3402	0.177
chr5	176388287	176389447	HIGD2A	NOP16	259	0.9872	0.193	0.5793	0.319	0.2362
chr1	160343138	160343566	NCSTN	COPA	260	0.9292	0.363	0.7009	0.3458	0.2009
chr1	111448682	111449580	ATP5PB	WDR77	261	1.1665	0.4345	0.6514	0.3586	0.2405
chr3	112561175	112562103	SLC35A5	ATG3	262	0.5122	0.1415	0.5711	0.25	0.1379
chr11	118572301	118572970	ARCN1	IFT46	263	0.4422	0.186	0.6143	0.2541	0.1286
chr5	83077283	83077863	XRCC4	TMEM167A	264	0.3052	0.057	0.5276	0.2552	0.1414
chr12	49188313	49189098	TUBA1C	TUBA1A	265	0.3211	0.051	0.5376	0.2038	0.0994
chr16	28845883	28846818	TUFM	SH2B1	266	0.5961	0.093	0.5604	0.2449	0.1444
chr14	74492977	74494204	ISCA2	NPC2	267	0.1013	0.028	0.5289	0.1687	0.0742
chr4	56976468	56977727	NOA1	POLR2B	268	1.542	0.514	0.6894	0.4035	0.2899
chr11	65615353	65616386	MAP3K11	PCNX3	269	0.718	0.329	0.6718	0.3088	0.1384
chr10	113854383	113855297	DCLRE1A	NHLRC2	270	0.6324	0.124	0.57	0.291	0.1685
chr19	41397209	41397807	EXOSC5	BCKDHA	271	0.1646	0.012	0.5067	0.2157	0.1003
chr19	19033115	19034023	ARMC6	SUGP2	272	0.1485	0.073	0.5529	0.163	0.0562
chr4	82900535	82901166	THAP9	SEC31A	273	0.1161	0.015	0.5103	0.187	0.0872
chr10	12195833	12196378	NUDT5	CDC123	274	0.6602	0.153	0.5761	0.2881	0.1743
chr7	99504531	99505345	ZKSCAN5	ZNF394	275	0.1005	0.035	0.5258	0.1462	0.07
chr7	56051352	56052270	PSPH	CCT6A	276	0.3979	-0.027	0.4771	0.219	0.1394
chr1	32650903	32651762	ZBTB8OS	RBBP4	277	0.5647	0.19	0.5995	0.3073	0.1444
chr9	83979411	83981227	HNRNPK	RMI1	278	0.2477	0.0815	0.549	0.2175	0.0936
chr9	99221437	99222679	ALG2	SEC61B	279	1.1641	0.1265	0.5572	0.3446	0.2601
chr3	196941824	196943183	NCBP2	NCBP2AS2	280	0.4621	0.071	0.5482	0.2222	0.1339
chr16	4846605	4848242	UBN1	GLYR1	281	0.4195	0.221	0.6408	0.2254	0.0849
chr5	140691219	140691743	HARS2	HARS1	282	-0.0031	-0.057	0.4733	0.2023	0.0878
chr15	64093676	64094123	CIAO2A	SNX1	283	0.9019	0.549	0.7405	0.3848	0.2081
chr3	16264629	16265479	DPH3	OXNAD1	284	0.2893	-0.0945	0.4624	0.2	0.1235
chr2	74482037	74483408	TTC31	CCDC142	285	0.2817	0.207	0.609	0.2225	0.081
chr17	8247617	8248202	PFAS	CTC1	286	-0.1583	-0.091	0.4205	0.0906	0.0274
chr5	10249648	10250888	ATPSCKMT	CCT5	287	0.1459	-0.189	0.4121	0.1774	0.1153
chr9	133347575	133348905	MED22	RPL7A	288	-0.4569	-0.307	0.3323	0.091	0.0398
chr13	39037551	39038793	PROSER1	NHLRC3	289	-0.1429	-0.1005	0.4308	0.1522	0.0604
chr1	19251390	19252214	EMC1	MRTO4	290	0.3366	0.0045	0.5012	0.2087	0.1262
chr19	43595981	43596688	IRGQ	ZNF576	291	0.058	0.028	0.5375	0.1627	0.0495
chr22	37848867	37849674	EIF3L	ANKRD54	292	-0.047	-0.083	0.4622	0.0942	0.0508
chr19	54115272	54115787	PRPF31	TFPT	293	0.0361	-0.042	0.4583	0.1301	0.0602
chr2	73232957	73234739	PRADC1	CCT7	294	0.2806	0.121	0.5662	0.2048	0.1004
chr14	77457527	77458253	AHSA1	VIPAS39	295	1.1056	0.462	0.6708	0.3678	0.2218
chr14	102139260	102140640	WDR20	HSP90AA1	296	1.6201	0.549	0.6601	0.4138	0.2935
chr1	156728319	156729124	METTL25B	ISG20L2	297	0.1964	0.04	0.5342	0.2261	0.0882
chr11	73876628	73877057	PAAF1	COA4	298	-0.0015	-0.135	0.4172	0.1678	0.1026
chr7	6008765	6009624	PMS2	AIMP2	299	0.313	0.023	0.5157	0.2119	0.1234
chr6	43575387	43576339	XPO5	POLH	300	0.6117	0.174	0.5872	0.2847	0.1502
chr9	137188013	137189401	ANAPC2	SSNA1	301	0.328	0.043	0.5166	0.2428	0.1607
chr1	31296399	31297131	SNRNP40	ZCCHC17	302	0.6133	0.208	0.6052	0.2773	0.1762
chr1	42816903	42817419	ERMAP	SVBP	303	-0.1913	-0.1125	0.4109	0.0814	0.0116
chr10	7787625	7788554	KIN	ATP5F1C	304	0.6364	0.058	0.5371	0.2562	0.1668
chr20	38033432	38034093	TTI1	RPRD1B	305	1.7855	0.807	0.7504	0.4705	0.3313
chr15	40807045	40807680	ZFYVE19	DNAJC17	306	0.2917	0.019	0.5197	0.2173	0.1228
chr9	71910595	71911763	ABHD17B	C9orf85	307	0.5402	0.3005	0.6498	0.2894	0.125
chr11	77820140	77821216	RSF1	AAMDC	308	0.9595	0.5815	0.7342	0.3838	0.2184
chr19	39390692	39391524	PAF1	MED29	309	0.7209	0.272	0.619	0.2897	0.1562
chr12	26938225	26938924	INTS13	FGFR1OP2	310	0.029	-0.011	0.4936	0.1502	0.0601
chr1	154973761	154975010	SHC1	CKS1B	311	0.8655	0.427	0.6869	0.3483	0.1809
chr19	42220038	42220513	DEDD2	ZNF526	312	0.5617	0.368	0.6589	0.3179	0.1453
chr22	50507430	50508581	LMF2	NCAPH2	313	0.1837	-0.038	0.4822	0.2007	0.106
chr19	39435584	39436223	RPS16	SUPT5H	314	1.1954	0.209	0.5634	0.302	0.2347
chr11	17207464	17208286	PIK3C2A	NUCB2	315	0.1487	0.079	0.5706	0.191	0.0657
chr6	24666310	24667167	TDP2	ACOT13	316	-0.2809	-0.199	0.3967	0.1447	0.0747
chr4	39458467	39459191	RPL9	LIAS	317	0.1027	-0.094	0.4378	0.1809	0.1036
chr9	33025084	33025799	APTX	DNAJA1	318	0.3399	0.169	0.6	0.2531	0.1105
chr11	8910951	8911747	DENND2B	AKIP1	319	0.1815	0.0635	0.549	0.2136	0.1018
chr12	53180241	53181366	ZNF740	CSAD	320	0.6163	0.39	0.6924	0.3147	0.1244
chr10	92290666	92291655	CPEB3	MARCHF5	321	1.1102	0.933	0.8402	0.4793	0.2235
chr11	72080336	72080914	LRRC51	NUMA1	322	0.5531	0.3305	0.6644	0.2907	0.1211
chr3	14124217	14125499	CHCHD4	TMEM43	323	-0.011	-0.0445	0.4602	0.1365	0.0554
chr9	100098493	100099395	ERP44	INVS	324	0.7803	0.503	0.7228	0.3636	0.1951
chr19	6737228	6737924	GPR108	TRIP10	325	0.4754	0.3185	0.6566	0.2931	0.125
chr9	26946849	26947580	IFT74	PLAA	326	0.6928	0.192	0.5992	0.3297	0.1984
chr4	56435174	56436504	PPAT	PAICS	327	0.2181	-0.0785	0.4519	0.1977	0.1195
chr6	42050357	42050866	CCND3	TAF8	328	0.5868	0.284	0.6365	0.2593	0.1434
chr17	3636024	3637190	SHPK	CTNS	329	-0.1067	-0.129	0.4134	0.1304	0.072
chr14	103561971	103563334	BAG5	COA8	330	-0.127	-0.086	0.4446	0.124	0.0389
chr9	124861278	124862207	RPL35	ARPC5L	331	0.45	-0.168	0.4133	0.1927	0.1572
chr2	61888310	61888855	CCT4	COMMD1	332	0.8293	0.146	0.5725	0.2991	0.2128
chr13	41060036	41061984	ELF1	WBP4	333	0.2432	0.084	0.5544	0.2284	0.1227
chr9	128322262	128323192	TRUB2	COQ4	334	0.4577	0.018	0.5086	0.2333	0.1441
chr17	81238616	81239971	TEPSIN	NDUFAF8	335	0.0673	-0.054	0.4694	0.1889	0.0893
chr2	98608181	98608859	COA5	UNC50	336	0.1772	-0.0395	0.4779	0.1991	0.1062
chr2	37231255	37232056	CEBPZ	NDUFAF7	337	-0.155	-0.158	0.4082	0.1511	0.0749
chr4	83455513	83456084	HELQ	MRPS18C	338	-0.056	-0.066	0.4746	0.1751	0.0578
chr16	27549688	27550239	GTF3C1	KATNIP	339	1.6785	1.0	0.7495	0.4991	0.3503
chr16	14632659	14633509	PARN	BFAR	340	-0.0993	-0.0775	0.4376	0.1235	0.0576
chr13	72781565	72782474	DIS3	PIBF1	341	0.8624	0.059	0.5413	0.2739	0.1848
chr10	18659184	18659782	NSUN6	ARL5B	342	0.7613	0.3765	0.6455	0.3462	0.1806
chr17	781910	782748	GLOD4	MRM3	343	0.7283	0.1845	0.5847	0.2828	0.1706
chr8	55772933	55773648	TMEM68	TGS1	344	-0.3965	-0.284	0.3231	0.0867	0.035
chr14	92121205	92122678	NDUFB1	CPSF2	345	-0.0735	-0.074	0.4426	0.1236	0.055
chr2	27369978	27371232	EIF2B4	SNX17	346	0.2464	0.134	0.5758	0.1938	0.0702
chr6	43629053	43629953	GTPBP2	MAD2L1BP	347	0.8988	0.614	0.7478	0.3833	0.1956
chr7	2353993	2355539	EIF3B	SNX8	348	0.0545	-0.0865	0.4483	0.1759	0.0802
chr19	7629209	7629787	XAB2	PET100	349	-0.056	-0.078	0.4273	0.1488	0.0727
chr7	108569340	108570462	THAP5	DNAJB9	350	0.006	-0.112	0.4358	0.1774	0.0918
chr1	26900001	26900518	NUDC	GPATCH3	351	1.6602	0.871	0.7273	0.4758	0.3443
chr2	86105536	86106527	POLR1A	PTCD3	352	0.197	-0.039	0.4783	0.1857	0.108
chr17	15999186	16000374	ZSWIM7	TTC19	353	-0.1701	-0.084	0.447	0.133	0.0547
chr12	112013101	112014052	TMEM116	ERP29	354	0.0834	-0.012	0.4953	0.1756	0.0831
chr13	48037510	48038132	NUDT15	SUCLA2	355	0.2725	-0.212	0.41	0.1785	0.1286
chr12	121399577	121400593	ANAPC5	RNF34	356	0.2477	0.0965	0.5748	0.1969	0.0876
chr1	15526534	15527168	CASP9	DNAJC16	357	0.8472	0.5895	0.7618	0.3801	0.1719
chr18	62186744	62188019	PIGN	RELCH	358	1.3389	0.541	0.6886	0.4149	0.2761
chr4	129093194	129093744	C4orf33	SCLT1	359	0.4105	0.184	0.6164	0.2164	0.1164
chr12	111685442	111686255	BRAP	ACAD10	360	0.5058	0.136	0.5929	0.246	0.1279
chr12	55817541	55818040	SARNP	ORMDL2	361	0.5959	0.246	0.6313	0.2625	0.1483
chr5	73565134	73565785	UTP15	ANKRA2	362	-0.0138	-0.018	0.4869	0.1275	0.0584
chr17	75978890	75979650	ACOX1	TEN1	363	0.283	0.0095	0.5092	0.2013	0.1224
chr19	38930423	38930975	SARS2	MRPS12	364	0.8907	0.4395	0.6522	0.3551	0.2192
chr9	127450864	127452056	RPL12	LRSAM1	365	0.3875	0.074	0.5336	0.203	0.1107
chr14	23094769	23095614	C14orf119	ACIN1	366	1.6381	1.224	0.8533	0.5527	0.3408
chr9	113275269	113275949	CDC26	PRPF4	367	0.1812	0.051	0.5368	0.175	0.0824
chr14	69397996	69398356	SLC39A9	ERH	368	0.8122	0.4165	0.7	0.3667	0.2056
chr11	18322078	18322917	HPS5	GTF2H1	369	0.7068	0.358	0.6818	0.3456	0.1716
chr19	19192045	19192813	RFXANK	BORCS8	370	-0.0712	-0.175	0.3659	0.1315	0.0651
chr22	41620771	41621780	DESI1	XRCC6	371	0.3601	0.149	0.5778	0.2349	0.116
chr8	38175890	38177125	BAG4	LSM1	372	0.5874	0.23	0.5976	0.2713	0.1547
chr14	24299414	24300158	DHRS1	NOP9	373	-0.3569	-0.2575	0.3804	0.1277	0.0497
chr20	35698899	35699779	ROMO1	NFS1	374	0.9114	0.086	0.5568	0.25	0.1636
chr19	50024919	50026229	ZNF473	VRK3	375	-0.1805	-0.1445	0.4023	0.1008	0.0344
chr2	85602143	85603196	USP39	TMEM150A	376	0.1818	0.095	0.5745	0.1652	0.0418
chr22	29766847	29767368	ZMAT5	UQCR10	377	0.081	-0.04	0.4856	0.1881	0.0749
chr1	45010553	45011350	UROD	HECTD3	378	1.4201	1.048	0.7516	0.5082	0.3363
chr2	9422997	9424153	ITGB1BP1	CPSF3	379	-0.0338	-0.0875	0.4498	0.1228	0.0554
chr3	48440004	48440756	TMA7	CCDC51	380	1.0227	0.2125	0.5957	0.3271	0.2128
chr3	14178215	14178908	XPC	LSM3	381	-0.0413	-0.187	0.4127	0.1472	0.088
chr7	99408161	99409236	PDAP1	BUD31	382	0.3358	0.157	0.6037	0.2195	0.0967
chr12	54279538	54281204	CBX5	HNRNPA1	383	0.5997	0.314	0.6291	0.3223	0.1909
chr10	103396063	103396727	ATP5MK	PDCD11	384	-0.0565	-0.0905	0.4413	0.1386	0.0708
chr14	67359422	67360809	ATP6V1D	EIF2S1	385	0.399	0.098	0.566	0.2177	0.1096
chr8	42896069	42897989	HOOK3	RNF170	386	0.0669	0.0115	0.5062	0.1531	0.0542
chr5	177303030	177304129	RAB24	PRELID1	387	1.0758	0.356	0.6488	0.3449	0.2166
chr7	99558248	99559346	ZNF655	FAM200A	388	-0.1567	-0.0655	0.4554	0.0974	0.0273
chr6	112087203	112087707	TUBE1	FAM229B	389	0.9273	0.1095	0.5556	0.3155	0.2163
chr5	74766741	74767400	NSA2	GFM2	390	-0.3473	-0.224	0.3748	0.1062	0.0379
chr16	3400716	3401667	ZSCAN32	ZNF174	391	-0.5254	-0.301	0.3176	0.0705	0.0158
chr16	4425428	4426329	CORO7	DNAJA3	392	0.2754	0.086	0.5583	0.2131	0.1043
chr2	201071301	201071671	NDUFB3	HYCC2	393	0.6148	0.422	0.7027	0.2676	0.127
chr12	388932	389371	CCDC77	KDM5A	394	1.8827	0.863	0.7221	0.4875	0.3052
chr2	53970511	53971353	ACYP2	PSME4	395	1.15	0.492	0.7138	0.3563	0.2019
chr11	65918816	65920083	C11orf68	DRAP1	396	0.6704	0.36	0.6796	0.2912	0.1523
chr1	117929217	117930097	GDAP2	WDR3	397	-0.0444	-0.058	0.4705	0.1466	0.0636
chr17	28357139	28357852	POLDIP2	TMEM199	398	0.8024	0.527	0.7265	0.3408	0.1907
chr2	241686546	241687305	DTYMK	ING5	399	-0.3129	-0.384	0.3412	0.1318	0.0975
chr17	28661703	28662373	SDF2	SUPT6H	400	1.157	0.5315	0.7224	0.3746	0.2
chr1	19311713	19312815	AKR7A2	SLC66A1	401	0.0855	-0.03	0.4864	0.1824	0.0962
chr8	27310688	27311565	TRIM35	PTK2B	402	0.5279	0.148	0.5667	0.268	0.1653
chr3	119468830	119469461	TMEM39A	POGLUT1	403	0.0447	0.012	0.5055	0.1696	0.0666
chr2	206159186	206160257	NDUFS1	EEF1B2	404	0.4762	0.09	0.5425	0.2493	0.1457
chr8	108443371	108444034	EIF3E	EMC2	405	0.2117	-0.066	0.4676	0.1704	0.0905
chr1	186374992	186375837	TPR	ODR4	406	0.5099	0.312	0.6379	0.2805	0.1266
chr7	102464676	102465335	ALKBH4	LRWD1	407	0.2233	0.088	0.5372	0.2246	0.0971
chr11	126268464	126269271	FOXRED1	SRPRA	408	0.9783	0.351	0.6394	0.3482	0.1983
chr11	842293	843396	POLR2L	TSPAN4	409	-0.3078	-0.306	0.3336	0.097	0.0644
chr15	42490761	42491232	ZNF106	SNAP23	410	0.6131	0.37	0.6858	0.31	0.1614
chr9	101398571	101399246	MRPL50	ZNF189	411	0.2791	0.146	0.5867	0.2385	0.0874
chr14	20454581	20455864	OSGEP	APEX1	412	0.2748	-0.055	0.4684	0.1941	0.1177
chr18	80033336	80034761	TXNL4A	RBFA	413	-0.632	-0.344	0.3312	0.0695	0.0211
chr22	24554830	24556106	GUCD1	SNRPD3	414	0.0885	0.0335	0.5204	0.1693	0.0462
chr14	59483742	59484809	L3HYPDH	JKAMP	415	1.2933	0.289	0.6167	0.3711	0.2924
chr21	37072560	37074197	PIGP	TTC3	416	-0.216	-0.107	0.4239	0.1045	0.0299
chr1	46301753	46303697	LRRC41	UQCRH	417	0.446	0.214	0.6281	0.2649	0.1229
chr7	76047723	76048449	STYXL1	MDH2	418	0.1372	0.019	0.5069	0.1901	0.1033
chr1	54052928	54053626	TMEM59	TCEANC2	419	0.9308	0.4485	0.6963	0.3338	0.1963
chr18	13725980	13727371	RNMT	FAM210A	420	-0.1188	-0.101	0.4306	0.1107	0.0316
chr4	15681354	15681978	FAM200B	FBXL5	421	-0.3721	-0.204	0.3814	0.0785	0.0176
chr7	73682796	73683850	DNAJC30	BUD23	422	1.3438	0.5225	0.6385	0.4146	0.3017
chr4	183658768	183659491	RWDD4	TRAPPC11	423	0.0297	-0.03	0.4827	0.1632	0.0747
chr10	97445719	97446517	EXOSC1	ZDHHC16	424	0.9156	0.3225	0.6378	0.3333	0.2055
chr4	75724354	75725273	USO1	G3BP2	425	0.6258	0.305	0.6551	0.2905	0.1643
chr13	108218154	108218980	LIG4	ABHD13	426	0.0303	0.0175	0.5085	0.155	0.0424
chr13	30617374	30618052	HMGB1	USPL1	427	0.3938	0.146	0.5959	0.2552	0.1401
chr21	42879001	42879698	WDR4	NDUFV3	428	-0.213	-0.157	0.3917	0.1234	0.0646
chr16	3023877	3024442	THOC6	HCFC1R1	429	0.2901	0.11	0.5823	0.2248	0.0956
chr9	113221139	113221778	FKBP15	SLC31A1	430	0.4862	0.193	0.6041	0.277	0.1236
chr10	123008242	123009381	IKZF5	ACADSB	431	0.0471	0.029	0.5206	0.1668	0.0694
chr2	37083929	37084750	HEATR5B	GPATCH11	432	-0.0926	-0.049	0.4726	0.1133	0.0426
chr22	49918120	49918651	CRELD2	ALG12	433	-0.459	-0.262	0.3823	0.0847	0.0264
chr11	61792435	61793077	TMEM258	FEN1	434	0.1921	0.0125	0.5125	0.2009	0.0981
chr8	17246555	17247354	CNOT7	VPS37A	435	0.7497	0.434	0.6921	0.3467	0.1877
chr16	70523186	70523790	COG4	SF3B3	436	0.7247	0.205	0.6225	0.2732	0.1722
chr15	42548264	42548918	LRRC57	HAUS2	437	0.878	0.2535	0.659	0.3165	0.1667
chr9	108933790	108934676	ELP1	ABITRAM	438	-0.2186	-0.223	0.395	0.1084	0.0564
chr20	32207479	32208038	PLAGL2	POFUT1	439	0.8536	0.666	0.78	0.3685	0.1628
chr5	31532003	31532430	DROSHA	C5orf22	440	0.1228	0.072	0.5363	0.2225	0.1077
chr11	65121664	65122459	FAU	MRPL49	441	0.538	0.056	0.5371	0.2491	0.1623
chr17	3667930	3669324	TAX1BP3	EMC6	442	0.8576	0.2605	0.6356	0.2848	0.1679
chr15	88467213	88468001	MRPL46	MRPS11	443	0.1906	-0.0135	0.4898	0.1802	0.0888
chr15	49620788	49621285	FAM227B	DTWD1	444	-0.1309	-0.098	0.4447	0.1429	0.0604
chr18	36828595	36829326	KIAA1328	TPGS2	445	0.6616	0.234	0.632	0.301	0.1683
chr14	50311962	50312826	L2HGDH	DMAC2L	446	-0.1491	-0.101	0.434	0.1481	0.0509
chr6	151451908	151452935	RMND1	ARMT1	447	-0.051	-0.124	0.4187	0.1461	0.0837
chr1	212791524	212792005	NSL1	TATDN3	448	0.594	0.257	0.5925	0.3077	0.2079
chr12	109573189	109573794	MVK	MMAB	449	0.32	0.08	0.5438	0.2496	0.1289
chr7	42932035	42932700	PSMA2	MRPL32	450	0.2721	-0.054	0.4617	0.185	0.0977
chr2	121736532	121737343	NIFK	TSN	451	-0.1128	-0.022	0.4871	0.1615	0.0481
chr11	66001926	66002831	EIF1AD	BANF1	452	-0.0505	-0.033	0.4785	0.1503	0.053
chr12	42237422	42238817	YAF2	PPHLN1	453	0.6798	0.251	0.6423	0.2667	0.1441
chr13	27620046	27622112	LNX2	POLR1D	454	0.1131	0.038	0.5319	0.1834	0.0682
chr13	44989153	44989867	NUFIP1	GPALPP1	455	0.393	0.094	0.5392	0.2507	0.1583
chr18	36128956	36130273	SLC39A6	ELP2	456	0.128	0.011	0.5034	0.1845	0.0888
chr12	109477326	109477833	KCTD10	UBE3B	457	0.3672	0.119	0.6174	0.2189	0.0868
chr17	18038884	18040181	ATPAF2	GID4	458	0.8097	0.311	0.6631	0.2999	0.1604
chr5	1799347	1801791	MRPL36	NDUFS6	459	-0.3517	-0.244	0.3433	0.0671	0.027
chr12	6970337	6970966	PHB2	EMG1	460	1.0817	0.433	0.6852	0.3911	0.2544
chr10	97426021	97426537	RRP12	PGAM1	461	1.3261	0.341	0.6298	0.3605	0.2442
chr17	59892681	59893660	TUBD1	RPS6KB1	462	1.4761	0.933	0.7906	0.4801	0.288
chr5	217921	219013	CCDC127	SDHA	463	-0.2546	-0.1835	0.3956	0.0861	0.0229
chr4	499050	499590	ZNF721	PIGG	464	0.2227	-0.0385	0.4778	0.2185	0.1296
chr5	36151395	36152277	LMBRD2	SKP2	465	0.4496	0.25	0.6474	0.2596	0.1236
chr10	100986776	100987744	TWNK	MRPL43	466	1.4654	0.3675	0.6198	0.3926	0.2944
chr9	129110345	129111627	PTPA	CRAT	467	0.1564	0.0555	0.5429	0.1739	0.0647
chr7	98251820	98252594	TECPR1	BRI3	468	-0.1589	-0.094	0.4341	0.1124	0.0323
chr1	161117932	161118322	PFDN2	NIT1	469	0.7498	0.5535	0.7231	0.3513	0.1718
chrX	13734322	13735217	TRAPPC2	OFD1	470	-0.4007	-0.207	0.3665	0.0648	0.0201
chr12	122526714	122527245	RSRC2	KNTC1	471	0.8101	0.454	0.6893	0.3559	0.2203
chr7	32495283	32495928	LSM5	AVL9	472	0.5195	0.094	0.5535	0.245	0.1395
chr12	113184956	113186126	DDX54	RITA1	473	-0.0009	-0.0145	0.4855	0.153	0.0632
chr11	96389372	96390423	CCDC82	JRKL	474	0.097	0.033	0.5243	0.1675	0.0685
chr2	101252561	101253540	TBC1D8	CNOT11	475	1.5923	0.539	0.6588	0.4229	0.3238
chr4	174283414	174284244	FBXO8	CEP44	476	0.1964	0.008	0.512	0.2133	0.1337
chr2	71130057	71130822	MCEE	MPHOSPH10	477	-0.1607	-0.119	0.4353	0.132	0.0641
chr12	120446244	120446900	TRIAP1	GATC	478	1.9961	0.668	0.6966	0.4421	0.3323
chr11	235918	237290	SIRT3	PSMD13	479	0.0077	-0.161	0.4052	0.1268	0.0853
chr3	167734588	167735242	PDCD10	SERPINI1	480	1.1484	0.8925	0.7905	0.4847	0.292
chr5	95554703	95555465	SKIC3	ARSK	481	0.0804	-0.042	0.4724	0.1732	0.0853
chr11	6603322	6603843	RRP8	ILK	482	0.2657	0.195	0.5854	0.2802	0.1017
chr11	61429449	61430225	CPSF7	SDHAF2	483	0.4921	0.386	0.6753	0.2796	0.0863
chr17	75666919	75667548	RECQL5	SAP30BP	484	0.5537	0.177	0.593	0.2591	0.1463
chr14	60980945	60981423	SLC38A6	TRMT5	485	0.3063	0.1055	0.5837	0.2343	0.1402
chr17	28335045	28336022	IFT20	TNFAIP1	486	0.2185	0.075	0.566	0.1883	0.0809
chr3	88149364	88150363	CGGBP1	C3orf38	487	0.0306	-0.072	0.4575	0.1722	0.0951
chr21	46285713	46286697	MCM3AP	YBEY	488	-0.6728	-0.48	0.2683	0.0427	0.0102
chr9	35748656	35749286	GBA2	RGP1	489	0.3329	0.223	0.6413	0.227	0.081
chr18	56651225	56651600	WDR7	TXNL1	490	0.4869	0.154	0.576	0.2933	0.1413
chr16	23641066	23641597	PALB2	DCTN5	491	0.5803	0.201	0.58	0.2825	0.1638
chr6	159788909	159790983	TCP1	MRPL18	492	-0.411	-0.3635	0.3259	0.1027	0.0501
chr17	76725949	76727338	JMJD6	METTL23	493	0.3475	0.027	0.5162	0.2268	0.1368
chr17	4142498	4143197	ZZEF1	CYB5D2	494	1.5605	1.042	0.8255	0.5079	0.319
chr12	121799916	121805484	RHOF	SETD1B	495	1.3182	0.81	0.7716	0.4519	0.2633
chr5	177022498	177023114	UIMC1	ZNF346	496	0.3794	0.1285	0.5601	0.2727	0.1412
chr16	11976400	11977013	NPIPB2	SNX29	497	-0.0577	-0.022	0.4763	0.1387	0.0326
chr11	117232057	117233225	PCSK7	RNF214	498	0.305	0.16	0.5985	0.2021	0.0779
chr5	62403523	62404050	DIMT1	IPO11	499	-0.2488	-0.128	0.4137	0.1044	0.0361
chr1	77978619	77979597	FUBP1	DNAJB4	500	0.7449	0.2095	0.6012	0.3037	0.1984
chr17	32349982	32350441	C17orf75	ZNF207	501	1.0043	0.355	0.634	0.3813	0.2375
chr2	38750393	38751542	SRSF7	GEMIN6	502	0.404	0.186	0.5997	0.2489	0.1253
chr11	3797217	3798077	PGAP2	NUP98	503	0.8127	0.5685	0.7465	0.3837	0.1814
chr17	28854961	28855301	ERAL1	FAM222B	504	0.4002	0.2015	0.6118	0.2618	0.1147
chr19	9827649	9828139	FBXL12	UBL5	505	-0.2812	-0.234	0.3633	0.1102	0.0367
chr3	179604558	179605000	MRPL47	NDUFB5	506	0.5392	0.232	0.6357	0.2851	0.1448
chr11	64225940	64226362	NUDT22	TRPT1	507	-0.3581	-0.2485	0.3768	0.0853	0.0118
chr14	103715041	103716615	XRCC3	ZFYVE21	508	-0.1649	-0.229	0.3888	0.1429	0.0737
chr12	21501669	21502022	RECQL	GOLT1B	509	1.0109	0.318	0.6402	0.3144	0.204
chr9	137204869	137206013	TMEM203	NDOR1	510	1.6504	0.441	0.6451	0.4143	0.3313
chr15	49155142	49155870	GALK2	COPS2	511	1.0651	0.52	0.7212	0.3626	0.2157
chr4	931792	932700	GAK	TMEM175	512	0.4192	-0.021	0.4857	0.2236	0.1399
chr13	75549302	75550132	COMMD6	UCHL3	513	0.3842	0.025	0.5084	0.2614	0.1554
chr19	48619020	48619666	RPL18	SPHK2	514	0.3555	0.132	0.5913	0.2337	0.1269
chr14	77707711	77708207	ALKBH1	SLIRP	515	0.6669	0.261	0.6069	0.3407	0.2077
chr14	57268388	57268986	EXOC5	AP5M1	516	0.7221	0.431	0.699	0.3595	0.1689
chr11	74948886	74949328	XRRA1	SPCS2	517	0.9504	0.6355	0.7443	0.405	0.2081
chr14	58426900	58427531	KIAA0586	TIMM9	518	0.1115	0.048	0.5372	0.1743	0.0697
chr14	74018622	74019653	BBOF1	ENTPD5	519	-0.127	-0.086	0.45	0.1348	0.0359
chr22	17628366	17628906	ATP6V1E1	BCL2L13	520	-0.0411	-0.1285	0.4167	0.1574	0.0926
chr22	26483492	26484068	SRRD	HPS4	521	-0.0583	-0.0345	0.4653	0.1111	0.033
chr16	15642949	15643300	MARF1	NDE1	522	1.2171	1.029	0.8262	0.5043	0.3048
chr1	229625381	229626552	TAF5L	URB2	523	-0.1865	-0.035	0.4714	0.1196	0.0342
chr16	57447083	57447754	CIAPIN1	COQ9	524	0.142	0.003	0.5022	0.1833	0.0999
chr16	57185574	57186671	PSME3IP1	RSPRY1	525	0.8622	0.6	0.7329	0.381	0.1914
chr15	55318887	55319410	PIGB	RAB27A	526	-0.2295	-0.193	0.3843	0.1338	0.0516
chr1	155208694	155209168	MTX1	THBS3	527	0.3172	0.175	0.6139	0.2658	0.0992
chr2	219229250	219229975	ATG9A	ANKZF1	528	0.7163	0.465	0.7186	0.3531	0.1697
chr14	24232367	24232786	NEDD8	GMPR2	529	0.3775	0.162	0.6062	0.2506	0.0979
chr20	62142542	62144611	PSMA7	SS18L1	530	0.0243	-0.07	0.4592	0.1576	0.0817
chr11	6481193	6481697	ARFIP2	TIMM10B	531	0.9653	0.5335	0.6964	0.4167	0.2798
chr9	128947074	128948285	DOLK	NUP188	532	0.8049	0.177	0.6119	0.2692	0.1585
chr17	74776105	74776553	NAT9	TMEM104	533	-0.0597	-0.024	0.4888	0.1562	0.0603
chr8	125091518	125091880	NSMCE2	WASHC5	534	0.0783	0.0085	0.5055	0.1934	0.0994
chr11	126211474	126212133	RPUSD4	FAM118B	535	0.3544	0.133	0.5933	0.2413	0.1229
chr14	99479824	99481851	SETD3	CCNK	536	0.1428	0.071	0.5461	0.1707	0.0691
chr2	119366665	119367711	C2orf76	DBI	537	-0.2047	-0.083	0.4446	0.1185	0.0411
chr11	94493506	94494246	MRE11	ANKRD49	538	-0.2025	-0.1245	0.4068	0.1081	0.0486
chr16	66552365	66552816	TK2	CKLF	539	-0.3668	-0.294	0.3548	0.1064	0.0532
chr1	231241050	231241497	C1orf131	GNPAT	540	0.6054	0.398	0.6443	0.3512	0.1723
chr2	208266024	208266412	IDH1	PIKFYVE	541	0.3945	0.315	0.6108	0.2861	0.1134
chr6	34889049	34889887	TAF11	ANKS1A	542	1.0528	0.5125	0.7064	0.389	0.2494
chr2	85354393	85354840	ELMOD3	RETSAT	543	-0.1576	-0.137	0.4228	0.1521	0.0671
chr17	4939563	4940341	RNF167	SLC25A11	544	0.9713	0.528	0.7224	0.3586	0.1967
chr17	82418203	82418885	HEXD	OGFOD3	545	-0.3296	-0.138	0.4194	0.0762	0.0117
chr5	154038623	154039109	FAM114A2	MFAP3	546	-0.2315	-0.065	0.4403	0.1029	0.0432
chr3	127598141	127598688	TPRA1	MCM2	547	-0.2303	-0.357	0.3419	0.128	0.0804
chr6	116253743	116254204	TSPYL4	DSE	548	0.1336	0.065	0.538	0.1844	0.0586
chr17	7931853	7932251	CNTROB	TRAPPC1	549	0.2175	0.084	0.5603	0.2437	0.1181
chr19	36850016	36851098	ZNF345	ZNF790	550	-0.0592	-0.031	0.4667	0.0906	0.024
chr2	177392499	177393164	AGPS	NFE2L2	551	1.1299	0.866	0.785	0.4632	0.2812
chr14	96363129	96363997	ATG2B	GSKIP	552	-0.0648	-0.0565	0.4574	0.1382	0.0507
chr12	56221739	56222014	RNF41	NABP2	553	0.9188	0.783	0.7745	0.4545	0.2
chr16	89489407	89491345	ANKRD11	SPG7	554	-0.3154	-0.1185	0.4267	0.113	0.0341
chr11	112086628	112086957	TIMM8B	SDHD	555	1.0396	0.222	0.5927	0.3587	0.2736
chr11	31509584	31509954	IMMP1L	ELP4	556	0.7705	0.38	0.6595	0.327	0.1865
chr16	70289224	70289707	DDX19B	AARS1	557	-0.0845	-0.089	0.4472	0.1387	0.06
chr11	47565296	47566056	PTPMT1	CELF1	558	0.7335	0.1825	0.5842	0.3053	0.1974
chr2	218671687	218672090	RNF25	STK36	559	0.6917	0.44	0.7122	0.3176	0.129
chr10	119892491	119892995	MCMBP	SEC23IP	560	1.1233	0.4255	0.6429	0.3929	0.2698
chr18	46104147	46104881	ATP5F1A	HAUS1	561	-0.156	-0.1375	0.4223	0.124	0.0477
chr15	45402212	45403596	GATM	SPATA5L1	562	1.4765	0.6045	0.6662	0.4292	0.3121
chr4	82428900	82431306	HNRNPDL	ENOPH1	563	0.7708	0.4255	0.6924	0.3362	0.1625
chr1	9943107	9943527	LZIC	NMNAT1	564	0.0933	0.046	0.5405	0.181	0.0833
chr1	1324263	1325255	INTS11	CPTP	565	-0.7111	-0.488	0.252	0.0534	0.0232
chr7	2241727	2242470	MRM2	NUDT1	566	-0.6595	-0.404	0.2638	0.0552	0.0148
chr1	70205500	70205759	LRRC40	SRSF11	567	0.3788	0.297	0.6448	0.2973	0.139
chr19	10928280	10929609	YIPF2	TIMM29	568	0.9247	0.331	0.614	0.3469	0.2348
chr2	99180885	99181160	MITD1	MRPL30	569	-0.084	-0.271	0.4036	0.1782	0.1273
chr10	5888951	5890674	ANKRD16	FBH1	570	-0.0225	-0.176	0.4156	0.1515	0.0923
chr16	66934126	66935021	CIAO2B	CES2	571	0.3106	-0.055	0.4603	0.1955	0.1151
chr2	44361815	44362219	PREPL	CAMKMT	572	0.4642	0.266	0.6089	0.297	0.1535
chr3	196568470	196569419	FBXO45	WDR53	573	1.5348	0.905	0.8398	0.4742	0.2898
chr8	73971999	73972436	ELOC	TMEM70	574	0.5049	0.247	0.611	0.2883	0.1465
chr17	37406724	37406967	ACACA	TADA2A	575	-0.0408	-0.04	0.4856	0.1523	0.0329
chr3	51983040	51983576	ACY1	ABHD14B	576	-0.1768	-0.108	0.4515	0.1119	0.0299
chr16	89656784	89658228	CHMP1A	SPATA33	577	-0.6409	-0.3305	0.34	0.0921	0.0277
chr9	136410015	136411343	ENTR1	PMPCA	578	0.0371	0.0055	0.5015	0.1679	0.0633
chr8	86514331	86515044	RMDN1	CPNE3	579	-0.2668	-0.116	0.4151	0.0729	0.0252
chr19	2328365	2329090	LSM7	SPPL2B	580	0.6405	0.062	0.5352	0.211	0.1283
chr3	50350528	50351250	NPRL2	CYB561D2	581	0.7826	0.209	0.6316	0.2632	0.1454
chr6	49463221	49463423	MMUT	CENPQ	582	-0.2606	-0.1225	0.4653	0.1683	0.0545
chr19	39341858	39343033	GMFG	SAMD4B	583	0.2868	0.203	0.6026	0.2136	0.0749
chr6	33288762	33289301	WDR46	PFDN6	584	0.4672	0.244	0.6141	0.2839	0.128
chr16	1826112	1827632	FAHD1	HAGH	585	0.6059	-0.07	0.4684	0.2237	0.1612
chr14	102362819	102363536	CINP	TECPR2	586	-0.0784	0.0	0.4993	0.1185	0.0363
chr2	241636291	241638148	THAP4	ATG4B	587	-0.1516	-0.101	0.4254	0.098	0.0242
chr12	123633550	123633932	GTF2H3	EIF2B1	588	-0.131	-0.192	0.4058	0.144	0.0838
chr16	1351333	1352347	TSR3	GNPTG	589	0.5483	0.057	0.5286	0.2939	0.1992
chr6	30717059	30717726	TUBB	MDC1	590	0.4566	0.225	0.6267	0.2699	0.1364
chr3	49689501	49689907	MST1	RNF123	591	0.4388	0.2415	0.6847	0.2315	0.0887
chr8	47959898	47960278	PRKDC	MCM4	592	-0.0909	-0.193	0.4316	0.2026	0.1184
chr2	38875520	38876073	DHX57	MORN2	593	0.0891	0.032	0.5298	0.1447	0.0524
chr14	74712926	74713172	AREL1	FCF1	594	0.3439	0.08	0.5894	0.2561	0.122
chr1	151008259	151008616	MINDY1	PRUNE1	595	0.5038	0.229	0.6359	0.2857	0.1317
chr2	85561288	85561616	GGCX	VAMP8	596	-0.0632	-0.042	0.4695	0.1494	0.0457
chr16	67159643	67160136	TRADD	FBXL8	597	0.0843	0.024	0.5294	0.1542	0.0406
chr19	12666516	12666824	MAN2B1	WDR83	598	0.094	0.0725	0.5455	0.1948	0.0779
chr19	13149748	13154110	STX10	IER2	599	0.2723	0.025	0.5131	0.1923	0.097
