rank	label	chrom	length	composite_score	n_ets	ets_density_kb	ets_in_nfr	ets_out_nfr	frac_ets_in_nfr	n_dimers	n_palindromes	ww_fraction	ss_fraction	nuc_score	dinuc_entropy	phylop_mean	ets_phylop_mean	feature_score
1	SMIM27/TOPORS	chr9	2025	0.786865413636193	7	3.46	4	3	0.57	0	0	0.199	0.346	0.0708	3.935	0.041	0.4269999861717224	4
2	CNOT8/FAXDC2	chr5	1804	0.7780627915108493	3	1.66	0	3	0.0	0	0	0.165	0.368	0.0829	3.911	0.059	0.4690000116825104	2
3	SEPTIN2/HDLBP	chr2	2177	0.7739277851772721	3	1.38	0	3	0.0	0	0	0.118	0.414	0.102	3.854	-0.017	-0.9089999794960022	1
4	RETREG2/CNPPD1	chr2	2065	0.7708619400351723	4	1.94	2	2	0.5	0	0	0.141	0.397	0.0926	3.879	0.257	0.6629999876022339	2
5	TCP11L2/CKAP4	chr12	2351	0.7598913116997591	0	0.0	0	0	0.0	0	0	0.15	0.362	0.085	3.901	0.021		1
6	DECR1/NBN	chr8	2315	0.7474959029044654	2	0.86	1	1	0.5	0	0	0.246	0.262	0.0451	3.952	-0.254	-0.5879999995231628	2
7	FAM120A/FAM120AOS	chr9	2523	0.7461614948439977	1	0.4	1	0	1.0	0	0	0.125	0.441	0.1051	3.82	0.776	-0.17800000309944153	1
8	MICOS10/CAPZB	chr1	1748	0.7436739585601657	2	1.14	0	2	0.0	0	0	0.059	0.531	0.1328	3.599	0.058	0.03500000014901161	1
9	AP4S1/STRN3	chr14	1745	0.7429796187755984	2	1.15	0	2	0.0	0	0	0.138	0.405	0.0936	3.856	0.911	0.09300000220537186	1
10	HNRNPH3/PBLD	chr10	1876	0.7358678617473355	3	1.6	1	2	0.33	0	0	0.167	0.373	0.0841	3.898	0.301	0.3409999907016754	2
11	KCNAB2/NPHP4	chr1	2420	0.7348533263279048	3	1.24	1	2	0.33	0	0	0.101	0.451	0.1127	3.78	-0.192	-0.8790000081062317	1
12	ZBTB1/ZBTB25	chr14	2213	0.7316515982881002	3	1.36	0	3	0.0	0	0	0.087	0.481	0.1205	3.741	1.04	1.4240000247955322	1
13	DEXI/CLEC16A	chr16	3267	0.7267657802467697	0	0.0	0	0	0.0	0	0	0.197	0.341	0.0696	3.956	0.674		1
14	RRAS/SCAF1	chr19	2541	0.7243576298429307	6	2.36	0	6	0.0	0	0	0.145	0.398	0.092	3.868	0.456	1.0390000343322754	1
15	DDX42/CCDC47	chr17	3027	0.7211750502774684	4	1.32	1	3	0.25	0	0	0.244	0.288	0.049	3.973	0.219	1.128999948501587	2
16	DCAF6/MPC2	chr1	1781	0.7204085002656566	1	0.56	0	1	0.0	0	0	0.122	0.408	0.0998	3.837	0.513	-0.4259999990463257	1
17	HEXB/ENC1	chr5	1826	0.7202609633805676	2	1.1	1	1	0.5	0	0	0.113	0.414	0.1043	3.83	0.152	0.16699999570846558	1
18	HADHB/HADHA	chr2	1909	0.7148270123457738	3	1.57	1	2	0.33	0	0	0.246	0.274	0.0455	3.954	0.016	0.032999999821186066	2
19	PTMS/MLF2	chr12	2242	0.7146665560910722	1	0.45	0	1	0.0	0	0	0.115	0.462	0.1094	3.754	0.389	0.32100000977516174	1
20	USP20/C9orf78	chr9	1345	0.710993007160773	4	2.97	0	4	0.0	0	0	0.111	0.413	0.1046	3.823	0.338	1.0740000009536743	2
21	NDUFAF3/DALRD3	chr3	2095	0.706980100793018	5	2.39	2	3	0.4	0	0	0.087	0.458	0.1159	3.774	0.515	0.7570000290870667	2
22	NR1D2/NKIRAS1	chr3	1431	0.6929472923228603	0	0.0	0	0	0.0	0	0	0.072	0.564	0.1366	3.612	0.144		0
23	ARL6IP4/ABCB9	chr12	1590	0.6928077663684853	4	2.52	1	3	0.25	0	0	0.085	0.463	0.1198	3.734	-0.246	0.3070000112056732	2
24	FKRP/STRN4	chr19	1010	0.685961375142278	0	0.0	0	0	0.0	0	0	0.072	0.556	0.1323	3.622	0.3		0
25	FRS3/TOMM6	chr6	1696	0.6855181641203176	5	2.95	4	1	0.8	0	0	0.104	0.422	0.1067	3.81	0.484	0.460999995470047	3
26	TUBG1/RETREG3	chr17	1582	0.6846785026472988	2	1.26	0	2	0.0	0	0	0.109	0.41	0.1055	3.832	1.58	0.16200000047683716	1
27	PSMB1/TBP	chr6	1699	0.6796373196237975	4	2.35	3	1	0.75	0	0	0.231	0.283	0.0532	3.966	0.109	0.9190000295639038	3
28	ITSN1/CRYZL1	chr21	2356	0.6722254600563627	1	0.42	0	1	0.0	0	0	0.162	0.407	0.0897	3.877	0.403	-0.09700000286102295	2
29	MZT2B/SMPD4	chr2	1506	0.6713506529385329	3	1.99	0	3	0.0	0	0	0.092	0.494	0.1208	3.736	0.073	0.4410000145435333	1
30	CEP95/DDX5	chr17	2838	0.6676003739331804	4	1.41	2	2	0.5	0	0	0.199	0.333	0.069	3.952	0.44	1.1759999990463257	3
31	MYL5/ATP5ME	chr4	1453	0.6544171724034893	1	0.69	1	0	1.0	0	0	0.071	0.475	0.1249	3.732	-0.582	1.5700000524520874	1
32	SMIM19/SLC20A2	chr8	960	0.6496650406589353	5	5.21	4	1	0.8	1	1	0.08	0.588	0.1344	3.555	0.099	0.47099998593330383	5
33	NOSIP/PRR12	chr19	1988	0.6477519357205872	3	1.51	1	2	0.33	0	0	0.143	0.441	0.0975	3.809	1.154	1.1720000505447388	1
34	GABPA/ATP5PF	chr21	1397	0.6429158034632474	5	3.58	3	2	0.6	0	0	0.114	0.433	0.1043	3.808	0.691	1.7450000047683716	3
35	RDH10/RPL7	chr8	1956	0.6425522768794681	1	0.51	0	1	0.0	0	0	0.078	0.506	0.1262	3.7	0.775	0.4690000116825104	1
36	SART3/ISCU	chr12	2264	0.6390499084201928	3	1.33	1	2	0.33	0	0	0.214	0.313	0.0636	3.959	0.221	0.1720000058412552	2
37	ZNF664/CCDC92	chr12	2337	0.637090096907135	2	0.86	2	0	1.0	0	0	0.068	0.561	0.1345	3.601	0.175	-0.15299999713897705	2
38	AIP/TMEM134	chr11	1309	0.6370097534937078	0	0.0	0	0	0.0	0	0	0.103	0.446	0.1102	3.767	0.143		0
39	MOB4/HSPD1	chr2	1167	0.636329621908062	3	2.57	0	3	0.0	0	0	0.117	0.41	0.1009	3.835	0.234	0.03099999949336052	2
40	C1orf122/YRDC	chr1	1752	0.6358882392239631	4	2.28	3	1	0.75	0	0	0.119	0.44	0.1053	3.819	0.818	1.128999948501587	2
41	UTP4/CHTF8	chr16	1715	0.6342500880899035	4	2.33	2	2	0.5	0	0	0.128	0.431	0.1006	3.728	0.302	1.2649999856948853	2
42	HSPBAP1/SLC49A4	chr3	1992	0.6275160474481914	1	0.5	1	0	1.0	0	0	0.184	0.352	0.0749	3.92	0.516	1.8849999904632568	2
43	REEP3/JMJD1C	chr10	1160	0.6171810395967052	0	0.0	0	0	0.0	0	0	0.064	0.548	0.1364	3.613	0.339		0
44	ZNRF1/WDR59	chr16	1450	0.6149617145057471	1	0.69	0	1	0.0	0	0	0.089	0.548	0.1274	3.638	1.415	0.2930000126361847	1
45	GGPS1/ARID4B	chr1	1822	0.6130369634308005	0	0.0	0	0	0.0	0	0	0.129	0.448	0.1014	3.809	0.893		0
46	ATXN7/THOC7	chr3	1527	0.6127275752743839	1	0.65	1	0	1.0	0	0	0.067	0.549	0.1337	3.63	-0.136	0.09600000083446503	1
47	ENO3/PFN1	chr17	2965	0.6111760788651583	9	3.04	3	6	0.33	0	0	0.114	0.467	0.1098	3.786	0.625	1.0140000581741333	3
48	C12orf75/APPL2	chr12	1032	0.6066319380511885	4	3.88	4	0	1.0	0	0	0.13	0.409	0.099	3.862	0.127	0.5830000042915344	3
49	SPCS1/GLT8D1	chr3	1456	0.6054604628118399	3	2.06	2	1	0.67	0	0	0.111	0.434	0.1081	3.827	-0.092	1.3669999837875366	2
50	TERF2IP/KARS1	chr16	1315	0.6002478799614978	3	2.28	2	1	0.67	0	0	0.097	0.445	0.114	3.804	0.872	0.5580000281333923	2
51	ADPRM/SCO1	chr17	1267	0.5994343504244408	4	3.16	3	1	0.75	0	0	0.187	0.36	0.075	3.933	-0.329		4
52	UNK/H3-3B	chr17	1128	0.5980954635012357	0	0.0	0	0	0.0	0	0	0.15	0.35	0.0847	3.917	1.079		0
53	TSR1/SGSM2	chr17	1917	0.5947112593444948	5	2.61	4	1	0.8	0	0	0.089	0.499	0.1228	3.723	0.272		3
54	ACTR1A/SUFU	chr10	1931	0.5942069743086276	0	0.0	0	0	0.0	0	0	0.222	0.308	0.058	3.968	0.958		1
55	CSNK2B/GPANK1	chr6	1278	0.5902313099071926	3	2.35	0	3	0.0	0	0	0.141	0.383	0.0903	3.883	0.459		1
56	ATRAID/SLC5A6	chr2	1394	0.5854931705917303	1	0.72	0	1	0.0	0	0	0.131	0.42	0.0983	3.851	-0.161		1
57	SPRTN/EXOC8	chr1	1533	0.5851228068942779	2	1.3	1	1	0.5	0	0	0.125	0.375	0.0977	3.884	2.141		1
58	TCTA/RHOA	chr3	1570	0.5845092925260822	5	3.18	1	4	0.2	0	0	0.113	0.443	0.1056	3.825	0.867		2
59	NEMP1/NAB2	chr12	2319	0.5802000189596751	1	0.43	0	1	0.0	0	0	0.094	0.456	0.1127	3.771	0.44		1
60	DAP3/YY1AP1	chr1	1375	0.5783841542598629	1	0.73	0	1	0.0	0	0	0.092	0.441	0.1127	3.788	0.643		1
61	CAPZA1/ST7L	chr1	1856	0.5766104400821865	2	1.08	2	0	1.0	0	0	0.217	0.289	0.0588	3.959	0.645		3
62	TRMT112/PRDX5	chr11	1411	0.5742697582187506	6	4.25	6	0	1.0	0	0	0.148	0.401	0.0903	3.892	0.192		3
63	FAF1/CDKN2C	chr1	969	0.5710509683192992	1	1.03	1	0	1.0	0	0	0.128	0.423	0.1011	3.846	1.121		1
64	RAD17/AK6	chr5	779	0.5702833587532785	3	3.85	1	2	0.33	0	0	0.112	0.467	0.1098	3.782	0.037		2
65	TOP3A/SMCR8	chr17	1235	0.5698712032188541	5	4.05	4	1	0.8	0	0	0.121	0.406	0.1025	3.834	0.26		3
66	RNF31/PSME2	chr14	1224	0.5681317356876291	2	1.63	1	1	0.5	0	0	0.099	0.442	0.1093	3.744	0.278		1
67	SF3A2/PLEKHJ1	chr19	2022	0.5660829814765869	2	0.99	1	1	0.5	0	0	0.117	0.442	0.1064	3.821	-0.034		1
68	SQSTM1/MGAT4B	chr5	2063	0.564844305547429	4	1.94	2	2	0.5	0	0	0.047	0.573	0.1423	3.534	-0.088		2
69	C1orf54/APH1A	chr1	1381	0.5612484396698942	7	5.07	2	5	0.29	0	0	0.182	0.324	0.0715	3.912	0.806		4
70	INPP1/HIBCH	chr2	705	0.5601331692300103	1	1.42	0	1	0.0	0	0	0.058	0.575	0.1431	3.539	0.221		1
71	SAFB/SAFB2	chr19	1809	0.5596577494221452	0	0.0	0	0	0.0	0	0	0.112	0.433	0.1071	3.824	0.302		0
72	ANAPC11/ALYREF	chr17	1469	0.5575320404167655	4	2.72	2	2	0.5	0	0	0.082	0.523	0.1278	3.687	0.49		3
73	EXOSC7/ZDHHC3	chr3	1404	0.5538639509420171	0	0.0	0	0	0.0	0	0	0.112	0.404	0.1019	3.85	0.21		0
74	TBC1D17/PNKP	chr19	2212	0.5537593473019202	2	0.9	1	1	0.5	0	0	0.137	0.383	0.0927	3.88	0.434		1
75	MFSD11/SRSF2	chr17	2276	0.5527005712451541	5	2.2	2	3	0.4	0	0	0.129	0.439	0.1034	3.84	1.428		2
76	NAA15/NDUFC1	chr4	1279	0.5521541857652328	1	0.78	1	0	1.0	0	0	0.137	0.389	0.0928	3.876	0.96		1
77	UBQLN4/LAMTOR2	chr1	1678	0.5449366162671481	1	0.6	1	0	1.0	0	0	0.119	0.448	0.1037	3.761	0.303		1
78	IK/NDUFA2	chr5	862	0.5443373850708256	1	1.16	1	0	1.0	0	0	0.187	0.347	0.0776	3.944	0.792		2
79	CRIPT/PIGF	chr2	778	0.544180420872703	4	5.14	3	1	0.75	0	0	0.124	0.423	0.1053	3.797	-0.024		3
80	ROM1/EML3	chr11	1363	0.5429753529077868	1	0.73	0	1	0.0	0	0	0.084	0.489	0.1193	3.672	0.306		1
81	ABCE1/ANAPC10	chr4	663	0.5365925905757825	0	0.0	0	0	0.0	0	0	0.15	0.364	0.0903	3.906	0.232		0
82	LPXN/ZFP91	chr11	1648	0.5358904799393079	5	3.03	3	2	0.6	0	0	0.126	0.435	0.1018	3.817	1.028		3
83	PFKM/SENP1	chr12	1311	0.5328663046040444	3	2.29	3	0	1.0	0	0	0.196	0.324	0.0676	3.93	0.767		3
84	RPA1/SMYD4	chr17	1043	0.5322403372771398	1	0.96	1	0	1.0	0	0	0.136	0.424	0.0979	3.842	-0.074		1
85	CEP63/ANAPC13	chr3	1038	0.5269948191061389	0	0.0	0	0	0.0	0	0	0.117	0.437	0.1052	3.83	-0.104		0
86	PNKD/AAMP	chr2	1020	0.526399114219984	2	1.96	1	1	0.5	0	0	0.107	0.419	0.1048	3.786	1.369		1
87	WDR25/WARS1	chr14	803	0.5231847875068993	2	2.49	2	0	1.0	0	0	0.122	0.425	0.1031	3.835	0.105		3
88	CEP170/SDCCAG8	chr1	1594	0.5219816461907159	0	0.0	0	0	0.0	0	0	0.141	0.4	0.0934	3.87	0.545		0
89	S100PBP/YARS1	chr1	1539	0.5209069858474257	3	1.95	1	2	0.33	0	0	0.116	0.42	0.1038	3.819	0.514		1
90	STS/PUDP	chrX	1211	0.5204027365155255	2	1.65	1	1	0.5	0	0	0.093	0.47	0.1163	3.773	-0.171		1
91	SHLD2/GLUD1	chr10	1741	0.5203124558993317	2	1.15	1	1	0.5	0	0	0.07	0.52	0.1295	3.668	0.725		1
92	WASF1/CDC40	chr6	1796	0.5198951185443363	4	2.23	0	4	0.0	0	0	0.154	0.393	0.089	3.883	0.776		2
93	MSH3/DHFR	chr5	870	0.5187311664372258	1	1.15	1	0	1.0	0	0	0.083	0.51	0.1263	3.688	0.231		1
94	NACC1/TRMT1	chr19	1484	0.518287192582942	1	0.67	0	1	0.0	0	0	0.214	0.282	0.057	3.974	0.402		2
95	BCS1L/ZNF142	chr2	1091	0.5177329931947673	2	1.83	1	1	0.5	0	0	0.117	0.377	0.097	3.858	0.44		1
96	HCFC1/TMEM187	chrX	2409	0.5175122637594508	3	1.25	0	3	0.0	0	0	0.098	0.489	0.1192	3.742	1.021		1
97	BROX/AIDA	chr1	1226	0.516034906055598	1	0.82	0	1	0.0	0	0	0.162	0.364	0.0829	3.901	0.68		2
98	THAP6/RCHY1	chr4	848	0.515801423309665	3	3.54	0	3	0.0	0	0	0.157	0.371	0.0837	3.892	0.31		3
99	CUL4A/PCID2	chr13	2155	0.5148324363220573	6	2.78	1	5	0.17	0	0	0.058	0.553	0.1368	3.612	0.088		2
100	DNAAF5/PRKAR1B	chr7	1202	0.5139159287725071	1	0.83	1	0	1.0	0	0	0.043	0.562	0.1441	3.513	0.343		1
101	ELP5/CTDNEP1	chr17	1702	0.5137477182532998	2	1.18	1	1	0.5	0	0	0.101	0.458	0.1114	3.759	0.539		1
102	CDC42SE1/GABPB2	chr1	770	0.5129419508195914	1	1.3	1	0	1.0	0	0	0.174	0.325	0.0756	3.924	0.455		2
103	SLC4A2/CDK5	chr7	1130	0.5112293042983629	3	2.65	0	3	0.0	0	0	0.141	0.369	0.0898	3.854	0.633		2
104	TMEM8B/HINT2	chr9	904	0.5109303690675077	0	0.0	0	0	0.0	0	0	0.124	0.396	0.1008	3.841	-0.095		0
105	TMEM63B/MRPL14	chr6	1484	0.5097438939400891	2	1.35	1	1	0.5	0	0	0.078	0.512	0.126	3.659	0.259		1
106	CREM/CUL2	chr10	1197	0.5088689695342689	4	3.34	2	2	0.5	0	0	0.099	0.491	0.1164	3.736	0.096		3
107	CEPT1/DRAM2	chr1	1203	0.5056645584370422	2	1.66	1	1	0.5	0	0	0.128	0.41	0.0979	3.848	-0.033		1
108	NMRK1/OSTF1	chr9	934	0.5043553014563947	2	2.14	1	1	0.5	0	0	0.085	0.523	0.1278	3.672	0.078		1
109	COMT/TXNRD2	chr22	575	0.5036093402827355	1	1.74	1	0	1.0	0	0	0.078	0.493	0.1218	3.717	-0.039		1
110	DOT1L/AP3D1	chr19	1971	0.5024918875317474	1	0.51	1	0	1.0	0	0	0.102	0.516	0.1188	3.697	0.257		1
111	TXNDC12/BTF3L4	chr1	1550	0.5019114956244443	2	1.29	0	2	0.0	0	0	0.174	0.343	0.075	3.938	0.627		2
112	RO60/UCHL5	chr1	1050	0.5004362618186373	3	2.86	3	0	1.0	0	0	0.101	0.439	0.1102	3.79	0.627		3
113	MORC2/TUG1	chr22	1011	0.4979270151137874	0	0.0	0	0	0.0	0	0	0.094	0.472	0.1188	3.753	1.395		0
114	ATF5/NUP62	chr19	1180	0.4972792431709512	1	0.85	0	1	0.0	0	0	0.127	0.383	0.0961	3.857	0.16		1
115	HIF1AN/NDUFB8	chr10	929	0.4957748411146178	0	0.0	0	0	0.0	0	0	0.158	0.348	0.084	3.894	0.995		1
116	DCAF13/SLC25A32	chr8	929	0.4954164391125317	6	6.46	4	2	0.67	0	0	0.123	0.399	0.0991	3.851	0.692		3
117	MAP3K12/TARBP2	chr12	2118	0.4936531572940291	2	0.94	1	1	0.5	0	0	0.145	0.368	0.0886	3.885	0.641		1
118	OGFOD1/NUDT21	chr16	1246	0.4927389428933741	3	2.41	3	0	1.0	0	0	0.178	0.352	0.077	3.898	0.827		4
119	PCMT1/NUP43	chr6	772	0.4909011008384977	1	1.3	1	0	1.0	0	0	0.067	0.473	0.1255	3.737	1.241		1
120	COX4I1/EMC8	chr16	1604	0.490119901809191	5	3.12	4	1	0.8	0	0	0.112	0.46	0.1106	3.793	0.502		3
121	SURF2/SURF1	chr9	817	0.4893060439806542	2	2.45	2	0	1.0	0	0	0.043	0.543	0.1417	3.563	0.387		3
122	RPAIN/NUP88	chr17	1209	0.4886512843814309	3	2.48	3	0	1.0	0	0	0.142	0.363	0.089	3.9	0.314		3
123	PDHX/APIP	chr11	1052	0.4885776818312056	1	0.95	0	1	0.0	0	0	0.116	0.467	0.1098	3.788	-0.032		1
124	BTD/HACL1	chr3	811	0.4876355892179129	2	2.47	2	0	1.0	0	0	0.158	0.375	0.0884	3.897	-0.511		4
125	FAM216A/GPN3	chr12	1304	0.4850135440429092	0	0.0	0	0	0.0	0	0	0.113	0.405	0.1042	3.854	0.36		0
126	MAPK7/B9D1	chr17	1541	0.4846138797115699	3	1.95	2	1	0.67	0	0	0.097	0.436	0.1113	3.796	0.342		2
127	SIGMAR1/GALT	chr9	929	0.4845404795517342	1	1.08	1	0	1.0	0	0	0.074	0.464	0.1221	3.741	1.273		1
128	TOE1/MUTYH	chr1	1001	0.4839673090867077	4	4.0	2	2	0.5	0	0	0.145	0.35	0.0862	3.912	0.006		3
129	TRAPPC6A/BLOC1S3	chr19	1833	0.4832271275426995	2	1.09	1	1	0.5	0	0	0.11	0.421	0.1055	3.84	0.496		1
130	PEX1/RBM48	chr7	918	0.4829581106252282	2	2.18	0	2	0.0	0	0	0.129	0.398	0.0985	3.877	0.508		1
131	NKTR/SEC22C	chr3	761	0.4813290223830098	2	2.63	0	2	0.0	0	0	0.086	0.47	0.12	3.756	0.467		2
132	EPM2AIP1/MLH1	chr3	1128	0.4808899760046625	3	2.66	1	2	0.33	0	0	0.151	0.356	0.0882	3.911	1.123		3
133	MRPS7/GGA3	chr17	1264	0.4808091675047284	1	0.79	1	0	1.0	0	0	0.116	0.415	0.1044	3.829	0.253		1
134	EXTL2/SLC30A7	chr1	1220	0.4805464092954999	2	1.64	2	0	1.0	0	0	0.172	0.352	0.079	3.931	0.013		3
135	ABHD18/MFSD8	chr4	1185	0.4798488789015497	3	2.53	2	1	0.67	0	0	0.106	0.409	0.1047	3.837	-0.243		3
136	TYW1/SBDS	chr7	691	0.4766984932627945	0	0.0	0	0	0.0	0	0	0.141	0.378	0.0924	3.887	0.622		0
137	TOB2/ACO2	chr22	1662	0.4751814043882074	2	1.2	0	2	0.0	0	0	0.087	0.481	0.1198	3.74	0.011		1
138	SAE1/ZC3H4	chr19	1146	0.4750457367131521	4	3.49	4	0	1.0	0	0	0.156	0.4	0.0897	3.731	0.688		4
139	NCDN/KIAA0319L	chr1	1154	0.4748694143706312	2	1.73	2	0	1.0	0	0	0.105	0.439	0.1096	3.796	1.362		2
140	UBAP2L/C1orf43	chr1	1134	0.4743690204441149	1	0.88	1	0	1.0	0	0	0.118	0.442	0.1046	3.82	1.479		1
141	KLHL2/TMEM192	chr4	1316	0.4732063601607862	2	1.52	1	1	0.5	0	0	0.125	0.471	0.1107	3.799	0.423		1
142	SWI5/GOLGA2	chr9	1104	0.4725997465551459	3	2.72	3	0	1.0	0	0	0.093	0.448	0.1147	3.755	0.301		3
143	CLCN6/MTHFR	chr1	1104	0.4701189954786859	3	2.72	2	1	0.67	0	0	0.066	0.464	0.1218	3.715	0.256		3
144	MBTD1/UTP18	chr17	1481	0.4682045457532678	4	2.7	4	0	1.0	0	0	0.103	0.468	0.1137	3.774	0.878		3
145	HMGXB3/TIGD6	chr5	1194	0.4677721845599899	3	2.51	3	0	1.0	0	0	0.102	0.412	0.1082	3.84	0.557		3
146	BABAM2/RBKS	chr2	957	0.4676516822799612	1	1.04	1	0	1.0	0	0	0.121	0.414	0.0983	3.855	0.458		1
147	KLHL18/KIF9	chr3	1194	0.4671526173021504	4	3.35	1	3	0.25	0	0	0.123	0.396	0.0989	3.838	0.771		2
148	ANKIB1/KRIT1	chr7	1070	0.4655002784944987	2	1.87	2	0	1.0	0	0	0.093	0.443	0.114	3.771	0.534		2
149	MUS81/CFL1	chr11	5002	0.4653368370759675	10	2.0	1	9	0.1	1	1	0.149	0.383	0.089	3.894	0.283		3
150	PRIMPOL/CASP3	chr4	1255	0.4641154664684079	4	3.19	1	3	0.25	0	0	0.091	0.511	0.1214	3.65	-0.726		2
151	SEC61A1/MGLL	chr3	1141	0.4620763966467889	1	0.88	1	0	1.0	0	0	0.09	0.46	0.1171	3.775	-0.048		1
152	LYRM1/ERI2	chr16	1427	0.4619849016350353	2	1.4	1	1	0.5	0	0	0.112	0.414	0.1011	3.824	0.968		1
153	KLC1/BAG5	chr14	1439	0.4597568802152613	3	2.08	1	2	0.33	0	0	0.084	0.515	0.1257	3.703	-0.14		1
154	EEF1AKMT3/METTL1	chr12	1467	0.4597406307900152	0	0.0	0	0	0.0	0	0	0.134	0.366	0.09	3.884	0.518		0
155	IDI1/WDR37	chr10	1257	0.4584506350647806	2	1.59	1	1	0.5	0	0	0.093	0.436	0.1123	3.8	-0.343		1
156	VMP1/PTRH2	chr17	556	0.4574124545854272	3	5.4	3	0	1.0	0	0	0.178	0.308	0.0685	3.918	0.418		4
157	ASB7/LINS1	chr15	1460	0.4572339631454843	1	0.68	0	1	0.0	0	0	0.126	0.376	0.0949	3.847	0.708		1
158	PRORP/PPP2R3C	chr14	952	0.4567322577361068	3	3.15	2	1	0.67	0	0	0.196	0.324	0.0687	3.932	0.087		4
159	PEAK1/HMG20A	chr15	1128	0.4555123525745845	0	0.0	0	0	0.0	0	0	0.067	0.539	0.1329	3.611	0.399		0
160	TLN1/CREB3	chr9	947	0.4552430165754892	2	2.11	2	0	1.0	0	0	0.089	0.495	0.1191	3.713	0.19		2
161	COQ6/FAM161B	chr14	730	0.4549894837693224	4	5.48	3	1	0.75	0	0	0.108	0.412	0.1057	3.826	0.38		3
162	ANKMY2/BZW2	chr7	2125	0.454971979643982	4	1.88	1	3	0.25	0	0	0.137	0.39	0.0944	3.885	0.218		1
163	MIS12/DERL2	chr17	893	0.4548779568860479	3	3.36	3	0	1.0	0	0	0.129	0.432	0.103	3.837	0.604		3
164	BET1L/RIC8A	chr11	2250	0.4548655745855531	5	2.22	4	1	0.8	0	0	0.104	0.432	0.1092	3.82	-0.459		2
165	INO80E/HIRIP3	chr16	1296	0.4533830896738671	3	2.31	2	1	0.67	0	0	0.132	0.408	0.0977	3.864	0.662		2
166	CSNK1A1/ARHGEF37	chr5	1260	0.4523725101551734	2	1.59	1	1	0.5	0	0	0.137	0.384	0.093	3.882	1.126		1
167	HNRNPUL2/TTC9C	chr11	1546	0.4523279074924609	3	1.94	1	2	0.33	0	0	0.122	0.449	0.1086	3.75	0.531		1
168	SNAP29/PI4KA	chr22	995	0.4522425479529712	2	2.01	2	0	1.0	0	0	0.061	0.509	0.1324	3.679	0.491		2
169	LRRC8A/KYAT1	chr9	862	0.4516350109605391	2	2.32	2	0	1.0	0	0	0.093	0.473	0.1151	3.769	0.408		2
170	NCAPD2/MRPL51	chr12	946	0.450388871678782	4	4.23	3	1	0.75	0	0	0.167	0.382	0.0868	3.877	-0.255		4
171	MED19/TMX2	chr11	822	0.4490581231008286	1	1.22	1	0	1.0	0	0	0.192	0.35	0.0684	3.94	1.571		2
172	SELENOT/SERP1	chr3	1130	0.4487589366064605	1	0.88	0	1	0.0	0	0	0.17	0.353	0.0823	3.922	0.285		2
173	POLK/CERT1	chr5	1393	0.4481629083183257	2	1.44	2	0	1.0	0	0	0.108	0.43	0.106	3.807	0.828		2
174	UTP23/EIF3H	chr8	677	0.4480821560612326	4	5.91	4	0	1.0	0	0	0.154	0.383	0.092	3.901	1.039		4
175	PTGR3/TSHZ1	chr18	4268	0.4463142520478811	3	0.7	0	3	0.0	0	0	0.16	0.421	0.0915	3.874	1.13		2
176	SON/GART	chr21	1494	0.4455615415929486	4	2.68	2	2	0.5	0	0	0.167	0.372	0.0834	3.906	0.432		4
177	ATXN1L/AP1G1	chr16	1181	0.4455283062638606	3	2.54	1	2	0.33	0	0	0.161	0.336	0.0811	3.907	0.971		3
178	SESN1/CEP57L1	chr6	1187	0.4443386139248133	1	0.84	1	0	1.0	0	0	0.129	0.441	0.1008	3.815	0.428		1
179	TOX4/RAB2B	chr14	1057	0.443432116845267	1	0.95	0	1	0.0	0	0	0.135	0.37	0.0911	3.875	0.998		1
180	DCAF17/METTL8	chr2	948	0.4413840297473157	1	1.05	0	1	0.0	0	0	0.074	0.517	0.1296	3.672	0.195		1
181	RAD52/ERC1	chr12	1083	0.440938100295153	2	1.85	1	1	0.5	0	0	0.197	0.359	0.0707	3.932	0.019		2
182	VTI1A/ZDHHC6	chr10	726	0.4406401525474888	5	6.89	4	1	0.8	0	0	0.148	0.371	0.0881	3.887	0.612		3
183	TPMT/KDM1B	chr6	1159	0.440349458751683	4	3.45	2	2	0.5	0	0	0.097	0.506	0.12	3.713	0.086		3
184	KAT7/FAM117A	chr17	750	0.4403375073173224	3	4.0	2	1	0.67	0	0	0.132	0.403	0.0986	3.866	1.493		3
185	ABHD3/MIB1	chr18	887	0.4402060241049533	1	1.13	1	0	1.0	0	0	0.07	0.533	0.1323	3.65	0.464		1
186	SELENOF/HS2ST1	chr1	1107	0.4400697622813752	1	0.9	1	0	1.0	0	0	0.119	0.424	0.1069	3.76	1.363		1
187	PGM1/ITGB3BP	chr1	976	0.4394668808973422	2	2.05	2	0	1.0	0	0	0.08	0.489	0.1216	3.717	0.836		2
188	CBX3/HNRNPA2B1	chr7	2644	0.4392509705843749	7	2.65	3	4	0.43	1	0	0.138	0.445	0.1001	3.824	0.348		4
189	TRMT1L/SWT1	chr1	855	0.4391629026269424	0	0.0	0	0	0.0	0	0	0.119	0.426	0.0986	3.818	0.184		0
190	MEPCE/ZCWPW1	chr7	2198	0.4388382204290074	3	1.36	3	0	1.0	0	0	0.133	0.427	0.0991	3.843	0.843		2
191	TMEM60/PHTF2	chr7	1519	0.4385777079958576	5	3.29	4	1	0.8	0	0	0.117	0.423	0.1053	3.834	0.341		3
192	MASTL/YME1L1	chr10	1464	0.4378529138192309	4	2.73	0	4	0.0	0	0	0.178	0.342	0.0784	3.913	0.114		3
193	FGD6/VEZT	chr12	1163	0.4375041610397264	1	0.86	1	0	1.0	0	0	0.124	0.435	0.1058	3.825	0.686		1
194	ARPC4/TADA3	chr3	993	0.4364699002179997	7	7.05	6	1	0.86	1	1	0.122	0.457	0.1054	3.772	0.536		5
195	ZGPAT/ARFRP1	chr20	1615	0.4361035378891431	4	2.48	2	2	0.5	1	1	0.054	0.524	0.1362	3.632	-0.148		5
196	GANC/TMEM87A	chr15	1006	0.4350332714733422	3	2.98	3	0	1.0	0	0	0.173	0.305	0.073	3.946	0.271		4
197	CEP57/FAM76B	chr11	1583	0.4348987999055153	2	1.26	1	1	0.5	0	0	0.144	0.405	0.0927	3.857	0.623		1
198	ST13/XPNPEP3	chr22	1094	0.4344616783562706	1	0.91	1	0	1.0	0	0	0.132	0.411	0.0984	3.842	0.329		1
199	FBXO42/SZRD1	chr1	618	0.4341194130175088	0	0.0	0	0	0.0	0	0	0.055	0.517	0.136	3.644	0.558		0
200	PHF13/KLHL21	chr1	2955	0.433506114033941	2	0.68	1	1	0.5	0	0	0.075	0.553	0.1305	3.607	-0.046		1
201	DCUN1D2/TMCO3	chr13	1147	0.4333291311100686	0	0.0	0	0	0.0	0	0	0.045	0.594	0.147	3.474	-0.805		0
202	NAA50/ATP6V1A	chr3	1179	0.4318089594920291	0	0.0	0	0	0.0	0	0	0.143	0.401	0.09	3.823	0.512		0
203	PCNA/CDS2	chr20	884	0.4294511141460971	0	0.0	0	0	0.0	0	0	0.07	0.527	0.1317	3.656	0.062		0
204	DIDO1/GID8	chr20	1107	0.4291688542317547	3	2.71	3	0	1.0	0	0	0.061	0.539	0.135	3.628	0.034		3
205	FIG4/AK9	chr6	1180	0.4291609971197603	3	2.54	3	0	1.0	0	0	0.189	0.339	0.0726	3.94	0.062		4
206	MAP7D1/TRAPPC3	chr1	1131	0.4285700357091702	0	0.0	0	0	0.0	0	0	0.067	0.546	0.1318	3.629	0.285		0
207	SEC24A/SAR1B	chr5	823	0.4285506107010196	4	4.86	2	2	0.5	0	0	0.088	0.443	0.1173	3.779	0.602		3
208	NR1H3/ACP2	chr11	783	0.426759074604371	1	1.28	1	0	1.0	0	0	0.178	0.326	0.0748	3.932	0.374		2
209	DHX29/MTREX	chr5	695	0.4266439350792678	1	1.44	1	0	1.0	0	0	0.141	0.386	0.0952	3.853	0.484		1
210	LYRM4/FARS2	chr6	1205	0.4261612821766624	1	0.83	1	0	1.0	0	0	0.128	0.462	0.1055	3.809	0.088		1
211	KIAA0753/TXNDC17	chr17	1209	0.4260688685352282	4	3.31	4	0	1.0	0	0	0.115	0.441	0.1053	3.806	0.236		3
212	TFB2M/CNST	chr1	1069	0.4256679479334868	5	4.68	4	1	0.8	0	0	0.111	0.404	0.1048	3.83	0.292		3
213	SUGP1/MAU2	chr19	1228	0.4255584380260931	5	4.07	4	1	0.8	0	0	0.117	0.436	0.107	3.831	1.212		3
214	HTRA2/AUP1	chr2	1707	0.425558362542983	2	1.17	2	0	1.0	0	0	0.09	0.424	0.1116	3.815	1.445		2
215	ZNHIT1/PLOD3	chr7	1404	0.4254139977864131	5	3.56	3	2	0.6	0	0	0.128	0.396	0.0969	3.847	0.18		3
216	DNAAF10/PNO1	chr2	1057	0.4253182982057822	2	1.89	2	0	1.0	0	0	0.175	0.359	0.0803	3.917	0.933		3
217	KLHL22/MED15	chr22	1045	0.4251343475194949	1	0.96	0	1	0.0	0	0	0.053	0.574	0.1432	3.558	-0.075		1
218	RBM7/C11orf71	chr11	939	0.4248973911237881	4	4.26	3	1	0.75	0	0	0.142	0.392	0.0959	3.875	0.488		3
219	ARHGAP1/ZNF408	chr11	600	0.42483267698118	3	5.0	3	0	1.0	0	0	0.14	0.359	0.0911	3.815	0.111		3
220	AP3M1/ADK	chr10	880	0.4243071306894079	0	0.0	0	0	0.0	0	0	0.138	0.373	0.0927	3.856	0.295		0
221	HGS/ARL16	chr17	1253	0.4235193637656241	4	3.19	4	0	1.0	0	0	0.082	0.504	0.1249	3.717	-0.11		3
222	EFCAB11/TDP1	chr14	382	0.4234207660850369	1	2.62	0	1	0.0	0	0	0.121	0.391	0.0939	3.793	-0.056		2
223	PTPN11/RPL6	chr12	1089	0.4218547308186873	1	0.92	0	1	0.0	0	0	0.111	0.499	0.1148	3.741	0.487		1
224	SLBP/TACC3	chr4	1713	0.4213868623396842	4	2.34	2	2	0.5	0	0	0.071	0.504	0.1273	3.704	-0.296		2
225	TIPIN/MAP2K1	chr15	1068	0.4213401700756252	1	0.94	1	0	1.0	0	0	0.074	0.499	0.1269	3.707	0.374		1
226	SRR/SMG6	chr17	862	0.4212853115167609	3	3.48	3	0	1.0	0	0	0.057	0.553	0.139	3.573	0.616		3
227	TMEM127/CIAO1	chr2	1432	0.420868267906741	4	2.79	4	0	1.0	0	0	0.056	0.497	0.131	3.683	1.175		3
228	NDUFB9/TATDN1	chr8	488	0.4204549192294047	3	6.15	3	0	1.0	0	0	0.138	0.4	0.0985	3.871	0.806		3
229	DHCR7/NADSYN1	chr11	766	0.4196396564197468	2	2.61	2	0	1.0	0	0	0.12	0.461	0.1103	3.771	0.139		3
230	ZNF276/VPS9D1	chr16	2282	0.4195817238755634	3	1.31	1	2	0.33	0	0	0.062	0.539	0.1357	3.634	-0.327		1
231	SLC4A1AP/SUPT7L	chr2	1151	0.4189526029594818	2	1.74	2	0	1.0	0	0	0.142	0.331	0.0855	3.925	1.095		2
232	RPS25/TRAPPC4	chr11	1237	0.4187714412414736	4	3.23	2	2	0.5	0	0	0.164	0.36	0.0819	3.918	1.291		4
233	ASH1L/MSTO1	chr1	994	0.4184124184337663	0	0.0	0	0	0.0	0	0	0.075	0.478	0.1216	3.704	0.324		0
234	AP4M1/MCM7	chr7	1473	0.4178613585270521	5	3.39	2	3	0.4	0	0	0.103	0.48	0.1148	3.761	0.458		3
235	TMEM138/CYB561A3	chr11	658	0.4167683132436623	4	6.08	4	0	1.0	1	1	0.114	0.435	0.1089	3.799	-0.221		5
236	NSUN3/DHFR2	chr3	585	0.4165575518204045	3	5.13	3	0	1.0	0	0	0.205	0.293	0.0635	3.951	-0.441		4
237	LRR1/RPS29	chr14	1681	0.416333024129905	0	0.0	0	0	0.0	0	0	0.122	0.438	0.1042	3.834	0.222		0
238	ARPC5/RGL1	chr1	1050	0.4155096899675614	3	2.86	3	0	1.0	1	1	0.1	0.459	0.1144	3.767	0.871		5
239	BBIP1/SHOC2	chr10	1587	0.4147393233626176	6	3.78	1	5	0.17	0	0	0.116	0.462	0.1082	3.784	0.444		2
240	PMS1/ORMDL1	chr2	918	0.4138831534302106	1	1.09	1	0	1.0	0	0	0.098	0.466	0.114	3.778	-0.141		1
241	ING1/CARS2	chr13	3812	0.4136491872885474	8	2.1	0	8	0.0	0	0	0.115	0.461	0.109	3.785	0.492		1
242	COPE/DDX49	chr19	729	0.4130707491043727	4	5.49	4	0	1.0	0	0	0.161	0.391	0.09	3.891	0.937		4
243	TSTD2/NCBP1	chr9	1074	0.4130157894292779	6	5.59	5	1	0.83	0	0	0.103	0.462	0.1131	3.785	0.254		3
244	POLR3C/RNF115	chr1	840	0.412489020848332	2	2.38	2	0	1.0	0	0	0.129	0.437	0.1026	3.814	0.792		2
245	SNX5/MGME1	chr20	1253	0.4108052233804165	1	0.8	1	0	1.0	0	0	0.101	0.451	0.1136	3.796	0.174		1
246	CAB39L/SETDB2	chr13	617	0.4106679557866887	0	0.0	0	0	0.0	0	0	0.102	0.42	0.1079	3.822	0.0		0
247	TBC1D31/DERL1	chr8	676	0.4104235375707449	1	1.48	1	0	1.0	0	0	0.123	0.45	0.1043	3.807	1.446		1
248	UROS/BCCIP	chr10	868	0.4102198329672174	5	5.76	3	2	0.6	0	0	0.111	0.467	0.1126	3.773	-0.446		3
249	CCDC115/IMP4	chr2	1394	0.409401836018532	4	2.87	1	3	0.25	1	1	0.159	0.358	0.0854	3.918	0.07		5
250	ATAD2B/UBXN2A	chr2	1098	0.4092668769817007	3	2.73	1	2	0.33	0	0	0.059	0.505	0.1318	3.65	0.8		2
251	BAG1/CHMP5	chr9	1337	0.4081868137880097	5	3.74	4	1	0.8	0	0	0.116	0.402	0.101	3.825	0.229		3
252	RPS28/NDUFA7	chr19	931	0.4078992527334454	2	2.15	1	1	0.5	0	0	0.124	0.412	0.101	3.86	1.148		1
253	UCK2/TMCO1	chr1	1030	0.4076702541243042	2	1.94	1	1	0.5	0	0	0.08	0.547	0.1313	3.637	0.458		1
254	RPL36AL/MGAT2	chr14	1306	0.40756781698605	5	3.83	2	3	0.4	0	0	0.113	0.444	0.1082	3.821	0.944		3
255	MED20/BYSL	chr6	695	0.407145521421748	1	1.44	1	0	1.0	0	0	0.159	0.403	0.0908	3.869	0.843		2
256	ADAM9/TM2D2	chr8	1416	0.4070728964861599	1	0.71	0	1	0.0	0	0	0.098	0.467	0.1169	3.784	0.537		1
257	GTF3C4/DDX31	chr9	1419	0.4070395219893668	1	0.7	1	0	1.0	0	0	0.083	0.459	0.1186	3.768	0.406		1
258	MRRF/RBM18	chr9	435	0.406811294019141	2	4.6	2	0	1.0	0	0	0.108	0.417	0.1108	3.844	0.722		3
259	HIGD2A/NOP16	chr5	1160	0.4063864281438729	4	3.45	3	1	0.75	1	1	0.147	0.365	0.0886	3.905	0.987		5
260	NCSTN/COPA	chr1	428	0.4063228567273268	4	9.35	4	0	1.0	1	0	0.108	0.377	0.1014	3.826	0.929		4
261	ATP5PB/WDR77	chr1	898	0.4061205137850752	3	3.34	2	1	0.67	0	0	0.142	0.392	0.0922	3.869	1.166		3
262	SLC35A5/ATG3	chr3	928	0.4060321903752399	3	3.23	3	0	1.0	1	1	0.104	0.415	0.1067	3.833	0.512		5
263	ARCN1/IFT46	chr11	669	0.4058828761129764	2	2.99	1	1	0.5	0	0	0.085	0.439	0.1144	3.748	0.442		2
264	XRCC4/TMEM167A	chr5	580	0.4058284041682858	6	10.34	6	0	1.0	0	0	0.223	0.306	0.0599	3.941	0.305		4
265	TUBA1C/TUBA1A	chr12	785	0.4056865480234521	0	0.0	0	0	0.0	0	0	0.144	0.407	0.0922	3.844	0.321		0
266	TUFM/SH2B1	chr16	935	0.4054643486280916	2	2.14	2	0	1.0	0	0	0.084	0.428	0.1151	3.798	0.596		2
267	ISCA2/NPC2	chr14	1227	0.4046203724315766	1	0.81	0	1	0.0	0	0	0.094	0.462	0.1161	3.757	0.101		1
268	NOA1/POLR2B	chr4	1259	0.4046182353450354	0	0.0	0	0	0.0	0	0	0.085	0.427	0.1154	3.796	1.542		0
269	MAP3K11/PCNX3	chr11	1033	0.4043944037946214	3	2.9	3	0	1.0	0	0	0.105	0.475	0.1136	3.772	0.718		3
270	DCLRE1A/NHLRC2	chr10	914	0.4043220313889807	3	3.28	0	3	0.0	1	0	0.179	0.39	0.0799	3.896	0.632		4
271	EXOSC5/BCKDHA	chr19	598	0.4040044337213589	1	1.67	1	0	1.0	0	0	0.186	0.335	0.0707	3.933	0.165		2
272	ARMC6/SUGP2	chr19	908	0.4039515756369218	2	2.2	2	0	1.0	0	0	0.069	0.557	0.1359	3.625	0.148		2
273	THAP9/SEC31A	chr4	631	0.4036953756147988	1	1.58	1	0	1.0	0	0	0.135	0.397	0.0982	3.881	0.116		1
274	NUDT5/CDC123	chr10	545	0.4030546895309485	5	9.17	3	2	0.6	0	0	0.184	0.346	0.0738	3.91	0.66		4
275	ZKSCAN5/ZNF394	chr7	814	0.4029450357502372	3	3.69	1	2	0.33	0	0	0.129	0.399	0.0959	3.833	0.1		2
276	PSPH/CCT6A	chr7	918	0.4028661881783001	0	0.0	0	0	0.0	0	0	0.092	0.494	0.1207	3.733	0.398		0
277	ZBTB8OS/RBBP4	chr1	859	0.4028371835061648	1	1.16	1	0	1.0	0	0	0.105	0.472	0.1176	3.773	0.565		1
278	HNRNPK/RMI1	chr9	1816	0.4027199326013644	2	1.1	0	2	0.0	0	0	0.118	0.441	0.1059	3.81	0.248		1
279	ALG2/SEC61B	chr9	1242	0.402673195249292	0	0.0	0	0	0.0	0	0	0.106	0.41	0.1058	3.837	1.164		0
280	NCBP2/NCBP2AS2	chr3	1359	0.4024037336335722	6	4.42	4	2	0.67	0	0	0.113	0.429	0.1078	3.83	0.462		3
281	UBN1/GLYR1	chr16	1637	0.4023969584740706	2	1.22	0	2	0.0	0	0	0.064	0.538	0.1342	3.638	0.42		1
282	HARS2/HARS1	chr5	524	0.4023915724426601	4	7.63	4	0	1.0	0	0	0.105	0.413	0.1063	3.759	-0.003		3
283	CIAO2A/SNX1	chr15	447	0.4018664410270279	1	2.24	1	0	1.0	0	0	0.155	0.325	0.0833	3.911	0.902		2
284	DPH3/OXNAD1	chr3	850	0.4010093739402021	1	1.18	1	0	1.0	0	0	0.159	0.379	0.0864	3.904	0.289		2
285	TTC31/CCDC142	chr2	1371	0.4010043777697251	1	0.73	1	0	1.0	0	0	0.101	0.409	0.1078	3.839	0.282		1
286	PFAS/CTC1	chr17	585	0.400813402468769	0	0.0	0	0	0.0	0	0	0.161	0.353	0.0827	3.898	-0.158		1
287	ATPSCKMT/CCT5	chr5	1240	0.4006332200383103	4	3.23	1	3	0.25	0	0	0.177	0.381	0.0839	3.883	0.146		3
288	MED22/RPL7A	chr9	1330	0.400517209503337	0	0.0	0	0	0.0	0	0	0.103	0.43	0.1091	3.814	-0.457		0
289	PROSER1/NHLRC3	chr13	1242	0.4000526662089425	2	1.61	1	1	0.5	0	0	0.146	0.392	0.0912	3.889	-0.143		1
290	EMC1/MRTO4	chr1	824	0.3996734950459086	1	1.21	1	0	1.0	0	0	0.108	0.452	0.1128	3.803	0.337		1
291	IRGQ/ZNF576	chr19	707	0.3995553892341533	1	1.41	1	0	1.0	0	0	0.125	0.411	0.0998	3.821	0.058		1
292	EIF3L/ANKRD54	chr22	807	0.3991832189125925	5	6.2	4	1	0.8	0	0	0.172	0.355	0.0793	3.906	-0.047		4
293	PRPF31/TFPT	chr19	515	0.3990044024498172	3	5.83	3	0	1.0	0	0	0.165	0.337	0.0759	3.911	0.036		4
294	PRADC1/CCT7	chr2	1782	0.3986313096582599	3	1.68	1	2	0.33	0	0	0.126	0.409	0.0997	3.861	0.281		1
295	AHSA1/VIPAS39	chr14	726	0.3984479619911917	5	6.89	4	1	0.8	0	0	0.16	0.354	0.081	3.891	1.106		4
296	WDR20/HSP90AA1	chr14	1380	0.398286585305864	2	1.45	1	1	0.5	0	0	0.093	0.446	0.112	3.771	1.62		1
297	METTL25B/ISG20L2	chr1	805	0.3982265809322239	4	4.97	4	0	1.0	0	0	0.101	0.424	0.1065	3.833	0.196		3
298	PAAF1/COA4	chr11	429	0.3981264029645087	3	6.99	3	0	1.0	0	0	0.121	0.411	0.1017	3.821	-0.002		3
299	PMS2/AIMP2	chr7	859	0.3979679180260618	2	2.33	2	0	1.0	0	0	0.105	0.448	0.1124	3.795	0.313		2
300	XPO5/POLH	chr6	952	0.3978345161388369	2	2.1	2	0	1.0	0	0	0.095	0.453	0.1167	3.762	0.612		2
301	ANAPC2/SSNA1	chr9	1388	0.3970353425217556	3	2.16	2	1	0.67	0	0	0.073	0.474	0.1238	3.721	0.328		2
302	SNRNP40/ZCCHC17	chr1	732	0.3970025646183809	0	0.0	0	0	0.0	0	0	0.161	0.352	0.0835	3.913	0.613		1
303	ERMAP/SVBP	chr1	516	0.3969268782156796	1	1.94	1	0	1.0	0	0	0.062	0.577	0.1388	3.551	-0.191		1
304	KIN/ATP5F1C	chr10	929	0.3967320852468529	2	2.15	2	0	1.0	0	0	0.086	0.448	0.117	3.755	0.636		2
305	TTI1/RPRD1B	chr20	661	0.3967083588636722	2	3.03	2	0	1.0	0	0	0.085	0.427	0.1151	3.752	1.786		3
306	ZFYVE19/DNAJC17	chr15	635	0.3962926100607568	1	1.57	1	0	1.0	0	0	0.096	0.396	0.1061	3.822	0.292		1
307	ABHD17B/C9orf85	chr9	1168	0.3959537083368591	3	2.57	3	0	1.0	0	0	0.111	0.425	0.1074	3.796	0.54		3
308	RSF1/AAMDC	chr11	1076	0.3958969283450502	2	1.86	2	0	1.0	0	0	0.087	0.49	0.1211	3.707	0.96		2
309	PAF1/MED29	chr19	832	0.3955171395695618	2	2.4	2	0	1.0	0	0	0.117	0.395	0.1008	3.85	0.721		3
310	INTS13/FGFR1OP2	chr12	699	0.3953824282585818	1	1.43	1	0	1.0	0	0	0.113	0.428	0.1057	3.804	0.029		1
311	SHC1/CKS1B	chr1	1249	0.3951671622939555	3	2.4	1	2	0.33	0	0	0.197	0.327	0.0667	3.907	0.866		3
312	DEDD2/ZNF526	chr19	475	0.3951541958135246	1	2.11	1	0	1.0	0	0	0.105	0.43	0.1087	3.785	0.562		1
313	LMF2/NCAPH2	chr22	1151	0.3949964117455925	2	1.74	2	0	1.0	0	0	0.07	0.564	0.1332	3.581	0.184		2
314	RPS16/SUPT5H	chr19	639	0.3949039816234689	3	4.69	3	0	1.0	0	0	0.103	0.417	0.1065	3.829	1.195		3
315	PIK3C2A/NUCB2	chr11	822	0.3947969843855778	1	1.22	1	0	1.0	0	0	0.065	0.49	0.1263	3.655	0.149		1
316	TDP2/ACOT13	chr6	857	0.3947546958788677	2	2.33	1	1	0.5	0	0	0.111	0.396	0.1063	3.821	-0.281		1
317	RPL9/LIAS	chr4	724	0.3942476476676695	1	1.38	0	1	0.0	0	0	0.159	0.36	0.083	3.912	0.103		2
318	APTX/DNAJA1	chr9	715	0.3941996911884823	1	1.4	1	0	1.0	0	0	0.083	0.514	0.126	3.695	0.34		1
319	DENND2B/AKIP1	chr11	796	0.3938088511832605	2	2.51	2	0	1.0	0	0	0.082	0.503	0.1221	3.697	0.182		3
320	ZNF740/CSAD	chr12	1125	0.3937065975785992	3	2.67	2	1	0.67	0	0	0.085	0.48	0.1217	3.738	0.616		3
321	CPEB3/MARCHF5	chr10	989	0.3936681273136122	2	2.02	0	2	0.0	0	0	0.083	0.492	0.1224	3.714	1.11		1
322	LRRC51/NUMA1	chr11	578	0.3934092433461448	2	3.46	2	0	1.0	0	0	0.147	0.411	0.0943	3.863	0.553		3
323	CHCHD4/TMEM43	chr3	1282	0.3934031816906889	1	0.78	1	0	1.0	0	0	0.114	0.436	0.1062	3.814	-0.011		1
324	ERP44/INVS	chr9	902	0.39329211984557	2	2.22	1	1	0.5	0	0	0.112	0.404	0.1014	3.835	0.78		1
325	GPR108/TRIP10	chr19	696	0.393270385912202	1	1.44	0	1	0.0	0	0	0.124	0.439	0.1044	3.789	0.475		1
326	IFT74/PLAA	chr9	731	0.3931579374838262	3	4.1	3	0	1.0	0	0	0.093	0.444	0.1143	3.796	0.693		3
327	PPAT/PAICS	chr4	1330	0.3928975228926269	1	0.75	0	1	0.0	0	0	0.102	0.435	0.1108	3.811	0.218		1
328	CCND3/TAF8	chr6	509	0.3922769571212462	1	1.96	1	0	1.0	0	0	0.163	0.417	0.0972	3.856	0.587		2
329	SHPK/CTNS	chr17	1166	0.3922759364274898	3	2.57	3	0	1.0	0	0	0.073	0.476	0.1234	3.724	-0.107		3
330	BAG5/COA8	chr14	1363	0.3920301184561269	3	2.2	1	2	0.33	0	0	0.073	0.532	0.1302	3.663	-0.127		1
331	RPL35/ARPC5L	chr9	929	0.391932517561287	0	0.0	0	0	0.0	0	0	0.098	0.469	0.1164	3.769	0.45		0
332	CCT4/COMMD1	chr2	545	0.3918870937202612	1	1.83	0	1	0.0	0	0	0.119	0.469	0.1139	3.778	0.829		1
333	ELF1/WBP4	chr13	1948	0.3914630064377544	4	2.05	0	4	0.0	0	0	0.127	0.42	0.1004	3.838	0.243		1
334	TRUB2/COQ4	chr9	930	0.3912756992123334	2	2.15	2	0	1.0	0	0	0.136	0.429	0.0984	3.853	0.458		2
335	TEPSIN/NDUFAF8	chr17	1355	0.3910502143539505	4	2.95	3	1	0.75	0	0	0.104	0.491	0.1163	3.751	0.067		3
336	COA5/UNC50	chr2	678	0.3909861829244215	3	4.42	3	0	1.0	0	0	0.068	0.513	0.1283	3.697	0.177		3
337	CEBPZ/NDUFAF7	chr2	801	0.3906267558565508	3	3.75	2	1	0.67	0	0	0.138	0.398	0.095	3.867	-0.155		3
338	HELQ/MRPS18C	chr4	571	0.3902186694028864	3	5.25	2	1	0.67	0	0	0.172	0.358	0.0795	3.908	-0.056		4
339	GTF3C1/KATNIP	chr16	551	0.3900269695848837	1	1.81	1	0	1.0	0	0	0.087	0.451	0.1159	3.78	1.678		1
340	PARN/BFAR	chr16	850	0.3899704379974277	2	2.35	2	0	1.0	0	0	0.101	0.43	0.109	3.808	-0.099		2
341	DIS3/PIBF1	chr13	909	0.3897495519036106	4	4.4	4	0	1.0	0	0	0.161	0.381	0.0864	3.894	0.862		4
342	NSUN6/ARL5B	chr10	598	0.3895448152893225	2	3.34	2	0	1.0	0	0	0.095	0.456	0.1136	3.761	0.761		3
343	GLOD4/MRM3	chr17	838	0.3894851985719584	1	1.19	1	0	1.0	0	0	0.117	0.407	0.105	3.859	0.728		1
344	TMEM68/TGS1	chr8	715	0.3894544293755962	1	1.4	1	0	1.0	0	0	0.098	0.482	0.1182	3.737	-0.396		1
345	NDUFB1/CPSF2	chr14	1473	0.389440708348203	3	2.04	1	2	0.33	0	0	0.153	0.373	0.0874	3.872	-0.074		2
346	EIF2B4/SNX17	chr2	1254	0.3893812719639633	2	1.59	1	1	0.5	0	0	0.09	0.46	0.1163	3.782	0.246		1
347	GTPBP2/MAD2L1BP	chr6	900	0.3893668629615276	0	0.0	0	0	0.0	0	0	0.136	0.439	0.0966	3.841	0.899		0
348	EIF3B/SNX8	chr7	1546	0.3888239120239321	1	0.65	0	1	0.0	0	0	0.112	0.444	0.1088	3.813	0.054		1
349	XAB2/PET100	chr19	578	0.3885548095277882	2	3.46	1	1	0.5	0	0	0.175	0.334	0.0763	3.914	-0.056		3
350	THAP5/DNAJB9	chr7	1122	0.3884757015984435	3	2.67	2	1	0.67	0	0	0.11	0.423	0.1049	3.818	0.006		3
351	NUDC/GPATCH3	chr1	517	0.3882537614645073	0	0.0	0	0	0.0	0	0	0.134	0.366	0.0924	3.879	1.66		0
352	POLR1A/PTCD3	chr2	991	0.3882247455433195	3	3.03	2	1	0.67	0	0	0.215	0.3	0.0619	3.967	0.197		4
353	ZSWIM7/TTC19	chr17	1188	0.3880133634173568	0	0.0	0	0	0.0	0	0	0.086	0.503	0.1233	3.717	-0.17		0
354	TMEM116/ERP29	chr12	951	0.387710601999237	2	2.1	1	1	0.5	0	0	0.105	0.455	0.1118	3.801	0.083		1
355	NUDT15/SUCLA2	chr13	622	0.3871719367727227	3	4.82	3	0	1.0	0	0	0.101	0.432	0.1147	3.795	0.272		3
356	ANAPC5/RNF34	chr12	1016	0.3867909620138927	4	3.94	3	1	0.75	0	0	0.1	0.453	0.1125	3.78	0.248		3
357	CASP9/DNAJC16	chr1	634	0.3866383248615713	1	1.58	1	0	1.0	0	0	0.118	0.422	0.0996	3.829	0.847		1
358	PIGN/RELCH	chr18	1275	0.3866235905706538	1	0.78	0	1	0.0	0	0	0.115	0.403	0.1027	3.843	1.339		1
359	C4orf33/SCLT1	chr4	550	0.3864555782037177	1	1.82	1	0	1.0	0	0	0.097	0.412	0.1092	3.836	0.41		1
360	BRAP/ACAD10	chr12	813	0.3862609201617493	3	3.69	3	0	1.0	0	0	0.112	0.437	0.1086	3.809	0.506		3
361	SARNP/ORMDL2	chr12	499	0.3860293322287083	0	0.0	0	0	0.0	0	0	0.177	0.301	0.0702	3.935	0.596		1
362	UTP15/ANKRA2	chr5	651	0.3855547952863842	1	1.54	1	0	1.0	0	0	0.152	0.343	0.085	3.876	-0.014		2
363	ACOX1/TEN1	chr17	760	0.3855476561663784	2	2.63	0	2	0.0	0	0	0.107	0.453	0.1104	3.782	0.283		2
364	SARS2/MRPS12	chr19	552	0.3855475313523477	1	1.81	1	0	1.0	0	0	0.127	0.39	0.0987	3.871	0.891		1
365	RPL12/LRSAM1	chr9	1192	0.3852358453286671	2	1.68	1	1	0.5	0	0	0.124	0.399	0.0985	3.864	0.388		1
366	C14orf119/ACIN1	chr14	845	0.3849966892587028	5	5.92	3	2	0.6	0	0	0.155	0.383	0.0922	3.875	1.638		4
367	CDC26/PRPF4	chr9	680	0.3848427335978156	2	2.94	1	1	0.5	0	0	0.115	0.393	0.1008	3.831	0.181		2
368	SLC39A9/ERH	chr14	360	0.3842923626388098	1	2.78	1	0	1.0	0	0	0.103	0.457	0.1114	3.757	0.812		2
369	HPS5/GTF2H1	chr11	839	0.3842562475966414	3	3.58	2	1	0.67	0	0	0.113	0.393	0.1012	3.86	0.707		3
370	RFXANK/BORCS8	chr19	768	0.3839052245096779	1	1.3	1	0	1.0	0	0	0.134	0.415	0.0946	3.813	-0.071		1
371	DESI1/XRCC6	chr22	1009	0.383333743524249	2	1.98	1	1	0.5	0	0	0.126	0.432	0.1011	3.822	0.36		1
372	BAG4/LSM1	chr8	1235	0.383039692603845	3	2.43	1	2	0.33	0	0	0.132	0.419	0.0976	3.86	0.587		2
373	DHRS1/NOP9	chr14	744	0.3830335028465114	3	4.03	0	3	0.0	0	0	0.11	0.448	0.1083	3.81	-0.357		2
374	ROMO1/NFS1	chr20	880	0.3829269014529215	5	5.68	4	1	0.8	0	0	0.091	0.47	0.1181	3.763	0.911		3
375	ZNF473/VRK3	chr19	1310	0.3827021560398464	3	2.29	2	1	0.67	0	0	0.145	0.36	0.0882	3.898	-0.18		2
376	USP39/TMEM150A	chr2	1053	0.3823409939677326	1	0.95	0	1	0.0	0	0	0.087	0.472	0.1195	3.744	0.182		1
377	ZMAT5/UQCR10	chr22	521	0.3822572666014228	1	1.92	1	0	1.0	0	0	0.202	0.302	0.0624	3.945	0.081		2
378	UROD/HECTD3	chr1	797	0.3818640484352733	0	0.0	0	0	0.0	0	0	0.074	0.491	0.1276	3.693	1.42		0
379	ITGB1BP1/CPSF3	chr2	1156	0.3815897134058459	4	3.46	2	2	0.5	0	0	0.115	0.457	0.1084	3.791	-0.034		3
380	TMA7/CCDC51	chr3	752	0.3815701517137986	2	2.66	1	1	0.5	0	0	0.128	0.398	0.0958	3.847	1.023		2
381	XPC/LSM3	chr3	693	0.3811830884495236	3	4.33	3	0	1.0	0	0	0.132	0.447	0.105	3.818	-0.041		3
382	PDAP1/BUD31	chr7	1075	0.3811804265781955	6	5.58	3	3	0.5	0	0	0.114	0.406	0.1043	3.84	0.336		3
383	CBX5/HNRNPA1	chr12	1666	0.3809254602016467	1	0.6	0	1	0.0	0	0	0.22	0.297	0.0577	3.964	0.6		2
384	ATP5MK/PDCD11	chr10	664	0.3805097098244557	6	9.04	5	1	0.83	1	1	0.154	0.382	0.0867	3.886	-0.056		6
385	ATP6V1D/EIF2S1	chr14	1387	0.380065241112662	2	1.44	0	2	0.0	0	0	0.171	0.317	0.0754	3.943	0.399		2
386	HOOK3/RNF170	chr8	1920	0.3799087424909153	1	0.52	0	1	0.0	0	0	0.071	0.535	0.1317	3.648	0.067		1
387	RAB24/PRELID1	chr5	1099	0.3797911642059973	2	1.82	2	0	1.0	0	0	0.091	0.485	0.12	3.761	1.076		2
388	ZNF655/FAM200A	chr7	1098	0.3796237209503511	4	3.64	3	1	0.75	0	0	0.109	0.424	0.1056	3.821	-0.157		3
389	TUBE1/FAM229B	chr6	504	0.3795229572264197	2	3.97	1	1	0.5	0	0	0.131	0.396	0.0909	3.878	0.927		2
390	NSA2/GFM2	chr5	659	0.3792598092445196	4	6.07	4	0	1.0	0	0	0.147	0.345	0.0885	3.9	-0.347		3
391	ZSCAN32/ZNF174	chr16	951	0.3792143702851616	2	2.1	1	1	0.5	0	0	0.081	0.481	0.1219	3.746	-0.525		1
392	CORO7/DNAJA3	chr16	901	0.3789401292723352	3	3.33	1	2	0.33	0	0	0.124	0.398	0.0984	3.877	0.275		2
393	NDUFB3/HYCC2	chr2	370	0.3787508164241726	1	2.7	1	0	1.0	0	0	0.095	0.428	0.104	3.644	0.615		2
394	CCDC77/KDM5A	chr12	439	0.3786836298821004	3	6.83	3	0	1.0	1	0	0.171	0.395	0.0857	3.86	1.883		5
395	ACYP2/PSME4	chr2	842	0.3785683584954527	2	2.38	1	1	0.5	0	0	0.055	0.543	0.1348	3.598	1.15		1
396	C11orf68/DRAP1	chr11	1267	0.3784315667208227	0	0.0	0	0	0.0	0	0	0.062	0.57	0.1376	3.592	0.67		0
397	GDAP2/WDR3	chr1	880	0.3784042625573482	4	4.55	4	0	1.0	0	0	0.104	0.387	0.1037	3.851	-0.044		3
398	POLDIP2/TMEM199	chr17	713	0.3781062514722553	4	5.61	4	0	1.0	0	0	0.066	0.507	0.1306	3.678	0.802		3
399	DTYMK/ING5	chr2	759	0.3780395524736024	3	3.95	3	0	1.0	0	0	0.057	0.553	0.1418	3.606	-0.313		3
400	SDF2/SUPT6H	chr17	670	0.3777796814249596	3	4.48	2	1	0.67	0	0	0.155	0.339	0.0826	3.924	1.157		4
401	AKR7A2/SLC66A1	chr1	1102	0.3777624571243273	0	0.0	0	0	0.0	0	0	0.058	0.54	0.1363	3.629	0.086		0
402	TRIM35/PTK2B	chr8	877	0.3772840088440213	4	4.56	4	0	1.0	0	0	0.063	0.471	0.1257	3.708	0.528		3
403	TMEM39A/POGLUT1	chr3	631	0.3772230726173335	1	1.58	1	0	1.0	0	0	0.084	0.465	0.1205	3.727	0.045		1
404	NDUFS1/EEF1B2	chr2	1071	0.3771723458959297	5	4.67	3	2	0.6	0	0	0.16	0.401	0.087	3.876	0.476		4
405	EIF3E/EMC2	chr8	663	0.3764022558407279	2	3.02	1	1	0.5	0	0	0.113	0.418	0.1037	3.827	0.212		2
406	TPR/ODR4	chr1	845	0.3758969886172154	3	3.55	0	3	0.0	0	0	0.118	0.416	0.1039	3.846	0.51		2
407	ALKBH4/LRWD1	chr7	659	0.3756704950914347	1	1.52	1	0	1.0	0	0	0.07	0.532	0.1316	3.662	0.223		1
408	FOXRED1/SRPRA	chr11	807	0.3754017124083011	2	2.48	2	0	1.0	0	0	0.117	0.429	0.1062	3.795	0.978		3
409	POLR2L/TSPAN4	chr11	1103	0.3750825138082914	2	1.81	1	1	0.5	0	0	0.054	0.573	0.1397	3.569	-0.308		1
410	ZNF106/SNAP23	chr15	471	0.3750622751338373	0	0.0	0	0	0.0	0	0	0.132	0.413	0.1032	3.806	0.613		0
411	MRPL50/ZNF189	chr9	675	0.3750263907272098	2	2.96	1	1	0.5	0	0	0.131	0.404	0.0954	3.853	0.279		2
412	OSGEP/APEX1	chr14	1283	0.3749829780684763	2	1.56	0	2	0.0	0	0	0.181	0.328	0.0735	3.947	0.275		2
413	TXNL4A/RBFA	chr18	1425	0.3748494668906962	1	0.7	0	1	0.0	0	0	0.08	0.511	0.1254	3.609	-0.632		1
414	GUCD1/SNRPD3	chr22	1276	0.3746456137837821	3	2.35	1	2	0.33	0	0	0.117	0.45	0.1053	3.791	0.088		1
415	L3HYPDH/JKAMP	chr14	1067	0.3745769308602642	1	0.94	1	0	1.0	0	0	0.09	0.471	0.1186	3.779	1.293		1
416	PIGP/TTC3	chr21	1637	0.3743520234170385	0	0.0	0	0	0.0	0	0	0.072	0.477	0.1234	3.72	-0.216		0
417	LRRC41/UQCRH	chr1	1944	0.3742875692822479	2	1.03	2	0	1.0	0	0	0.107	0.471	0.1123	3.719	0.446		2
418	STYXL1/MDH2	chr7	726	0.3740269372165072	3	4.13	3	0	1.0	0	0	0.059	0.469	0.1239	3.696	0.137		3
419	TMEM59/TCEANC2	chr1	698	0.3732666214038634	4	5.73	2	2	0.5	0	0	0.119	0.407	0.1008	3.833	0.931		3
420	RNMT/FAM210A	chr18	1391	0.3730389398425642	6	4.31	2	4	0.33	0	0	0.104	0.413	0.1074	3.836	-0.119		3
421	FAM200B/FBXL5	chr4	624	0.3726818208419429	2	3.21	2	0	1.0	0	0	0.116	0.4	0.105	3.839	-0.372		3
422	DNAJC30/BUD23	chr7	1054	0.3726145495682701	1	0.95	1	0	1.0	0	0	0.129	0.432	0.0998	3.844	1.344		1
423	RWDD4/TRAPPC11	chr4	723	0.3725788214372563	0	0.0	0	0	0.0	0	0	0.048	0.533	0.1368	3.605	0.03		0
424	EXOSC1/ZDHHC16	chr10	798	0.3725097049315052	1	1.25	0	1	0.0	0	0	0.144	0.407	0.093	3.871	0.916		1
425	USO1/G3BP2	chr4	919	0.3724597352572987	3	3.26	2	1	0.67	0	0	0.114	0.435	0.1068	3.819	0.626		3
426	LIG4/ABHD13	chr13	826	0.372386057133972	4	4.84	4	0	1.0	0	0	0.075	0.503	0.1268	3.693	0.03		3
427	HMGB1/USPL1	chr13	678	0.3722857286496309	3	4.42	2	1	0.67	0	0	0.092	0.445	0.1151	3.764	0.394		3
428	WDR4/NDUFV3	chr21	697	0.3721360370196815	1	1.43	0	1	0.0	0	0	0.072	0.46	0.1227	3.75	-0.213		1
429	THOC6/HCFC1R1	chr16	565	0.3718226926143742	2	3.54	2	0	1.0	0	0	0.092	0.461	0.1143	3.7	0.29		3
430	FKBP15/SLC31A1	chr9	639	0.3714033851622095	1	1.56	1	0	1.0	0	0	0.116	0.404	0.0995	3.842	0.486		1
431	IKZF5/ACADSB	chr10	1139	0.3713763627758549	0	0.0	0	0	0.0	0	0	0.088	0.436	0.1137	3.792	0.047		0
432	HEATR5B/GPATCH11	chr2	821	0.3712499977180153	1	1.22	1	0	1.0	0	0	0.129	0.373	0.0926	3.875	-0.093		1
433	CRELD2/ALG12	chr22	531	0.3707084150452751	1	1.88	1	0	1.0	0	0	0.081	0.542	0.1306	3.648	-0.459		1
434	TMEM258/FEN1	chr11	642	0.3704475680025695	2	3.12	1	1	0.5	0	0	0.097	0.413	0.1069	3.805	0.192		2
435	CNOT7/VPS37A	chr8	799	0.3703825129034483	0	0.0	0	0	0.0	0	0	0.071	0.477	0.1241	3.723	0.75		0
436	COG4/SF3B3	chr16	604	0.369985340212518	3	4.97	2	1	0.67	0	0	0.26	0.292	0.0457	3.935	0.725		4
437	LRRC57/HAUS2	chr15	654	0.3698863362204005	3	4.59	2	1	0.67	0	0	0.092	0.455	0.1145	3.756	0.878		3
438	ELP1/ABITRAM	chr9	886	0.3697340197702645	1	1.13	1	0	1.0	0	0	0.104	0.426	0.1071	3.837	-0.219		1
439	PLAGL2/POFUT1	chr20	559	0.3695626752825605	0	0.0	0	0	0.0	0	0	0.034	0.633	0.155	3.396	0.854		0
440	DROSHA/C5orf22	chr5	427	0.369492287513751	1	2.34	1	0	1.0	0	0	0.153	0.411	0.0908	3.821	0.123		2
441	FAU/MRPL49	chr11	795	0.3694546800240139	0	0.0	0	0	0.0	0	0	0.136	0.388	0.0941	3.867	0.538		0
442	TAX1BP3/EMC6	chr17	1394	0.3694376625851986	3	2.15	2	1	0.67	0	0	0.087	0.48	0.122	3.747	0.858		2
443	MRPL46/MRPS11	chr15	788	0.3692548130908341	1	1.27	0	1	0.0	0	0	0.158	0.36	0.0857	3.903	0.191		2
444	FAM227B/DTWD1	chr15	497	0.3689890768771586	1	2.01	1	0	1.0	0	0	0.069	0.44	0.1184	3.726	-0.131		1
445	KIAA1328/TPGS2	chr18	731	0.3689227630024274	0	0.0	0	0	0.0	0	0	0.067	0.53	0.1325	3.657	0.662		0
446	L2HGDH/DMAC2L	chr14	864	0.3688856488792087	1	1.16	0	1	0.0	0	0	0.083	0.495	0.1229	3.719	-0.149		1
447	RMND1/ARMT1	chr6	1027	0.3685737003228987	7	6.82	4	3	0.57	0	0	0.157	0.404	0.0913	3.859	-0.051		4
448	NSL1/TATDN3	chr1	481	0.3684422245687003	1	2.08	1	0	1.0	0	0	0.113	0.396	0.1043	3.857	0.594		1
449	MVK/MMAB	chr12	605	0.3682994404822209	1	1.65	1	0	1.0	0	0	0.116	0.404	0.0995	3.844	0.32		1
450	PSMA2/MRPL32	chr7	665	0.3680426857186438	2	3.01	2	0	1.0	0	0	0.163	0.343	0.0832	3.936	0.272		4
451	NIFK/TSN	chr2	811	0.3678790400269245	4	4.93	2	2	0.5	0	0	0.109	0.489	0.1188	3.723	-0.113		3
452	EIF1AD/BANF1	chr11	905	0.3672214240510999	4	4.42	2	2	0.5	0	0	0.117	0.416	0.1015	3.798	-0.05		3
453	YAF2/PPHLN1	chr12	1395	0.3671827911967428	3	2.15	1	2	0.33	0	0	0.07	0.544	0.1341	3.649	0.68		1
454	LNX2/POLR1D	chr13	2066	0.3671793348473149	4	1.94	1	3	0.25	0	0	0.089	0.491	0.1205	3.713	0.113		1
455	NUFIP1/GPALPP1	chr13	714	0.3667903023813227	0	0.0	0	0	0.0	0	0	0.116	0.415	0.1025	3.845	0.393		0
456	SLC39A6/ELP2	chr18	1317	0.3667516306562854	2	1.52	1	1	0.5	0	0	0.091	0.447	0.1142	3.783	0.128		1
457	KCTD10/UBE3B	chr12	507	0.3666199658622154	3	5.92	3	0	1.0	0	0	0.13	0.443	0.0987	3.797	0.367		3
458	ATPAF2/GID4	chr17	1297	0.3666179317322706	4	3.08	4	0	1.0	0	0	0.058	0.501	0.1311	3.671	0.81		3
459	MRPL36/NDUFS6	chr5	2444	0.3665936609173974	1	0.41	0	1	0.0	0	0	0.167	0.372	0.0827	3.92	-0.352		2
460	PHB2/EMG1	chr12	629	0.3665815157738308	4	6.36	4	0	1.0	0	0	0.153	0.417	0.0914	3.857	1.082		4
461	RRP12/PGAM1	chr10	516	0.3665659850461065	0	0.0	0	0	0.0	0	0	0.06	0.517	0.1354	3.625	1.326		0
462	TUBD1/RPS6KB1	chr17	979	0.3650260649803148	1	1.02	1	0	1.0	0	0	0.145	0.36	0.0868	3.906	1.476		1
463	CCDC127/SDHA	chr5	1092	0.3649803062395782	0	0.0	0	0	0.0	0	0	0.053	0.551	0.1363	3.602	-0.255		0
464	ZNF721/PIGG	chr4	540	0.3643241278014874	2	3.7	2	0	1.0	0	0	0.096	0.466	0.1176	3.759	0.223		3
465	LMBRD2/SKP2	chr5	882	0.3639505885048287	3	3.4	2	1	0.67	0	0	0.131	0.418	0.1025	3.853	0.45		3
466	TWNK/MRPL43	chr10	968	0.3635405331177956	2	2.07	2	0	1.0	0	0	0.1	0.414	0.1069	3.832	1.465		2
467	PTPA/CRAT	chr9	1282	0.3634870451643295	1	0.78	1	0	1.0	0	0	0.093	0.468	0.1147	3.777	0.156		1
468	TECPR1/BRI3	chr7	774	0.3630400106890846	2	2.58	2	0	1.0	0	0	0.062	0.493	0.1302	3.69	-0.159		3
469	PFDN2/NIT1	chr1	390	0.363039348165359	1	2.56	1	0	1.0	0	0	0.103	0.476	0.1114	3.738	0.75		2
470	TRAPPC2/OFD1	chrX	895	0.3628147893229222	7	7.82	6	1	0.86	1	0	0.129	0.404	0.0967	3.862	-0.401		4
471	RSRC2/KNTC1	chr12	531	0.3627683571153568	1	1.88	1	0	1.0	0	0	0.213	0.334	0.0631	3.94	0.81		2
472	LSM5/AVL9	chr7	645	0.3622207480260099	4	6.2	2	2	0.5	0	0	0.054	0.516	0.1321	3.605	0.52		3
473	DDX54/RITA1	chr12	1170	0.3619929639657918	3	2.56	2	1	0.67	0	0	0.087	0.478	0.1206	3.748	-0.001		3
474	CCDC82/JRKL	chr11	1051	0.3616998533254369	4	3.81	2	2	0.5	0	0	0.135	0.413	0.096	3.847	0.097		3
475	TBC1D8/CNOT11	chr2	979	0.3610186291872053	1	1.02	0	1	0.0	0	0	0.079	0.51	0.129	3.685	1.592		1
476	FBXO8/CEP44	chr4	830	0.3608446162398397	1	1.2	1	0	1.0	0	0	0.177	0.304	0.0717	3.943	0.196		2
477	MCEE/MPHOSPH10	chr2	765	0.3607963203775928	2	2.61	0	2	0.0	0	0	0.139	0.419	0.0975	3.852	-0.161		2
478	TRIAP1/GATC	chr12	656	0.3607907763760836	0	0.0	0	0	0.0	0	0	0.105	0.424	0.1111	3.835	1.996		0
479	SIRT3/PSMD13	chr11	1372	0.3607320971600283	2	1.46	2	0	1.0	0	0	0.115	0.446	0.1061	3.809	0.008		2
480	PDCD10/SERPINI1	chr3	654	0.3605879947649325	3	4.59	3	0	1.0	0	0	0.13	0.384	0.095	3.872	1.148		3
481	SKIC3/ARSK	chr5	762	0.3605033361738644	0	0.0	0	0	0.0	0	0	0.156	0.371	0.0863	3.909	0.08		1
482	RRP8/ILK	chr11	521	0.3602459116636196	1	1.92	1	0	1.0	0	0	0.083	0.479	0.124	3.723	0.266		1
483	CPSF7/SDHAF2	chr11	776	0.3601982202054525	6	7.73	5	1	0.83	0	0	0.077	0.533	0.1264	3.638	0.492		3
484	RECQL5/SAP30BP	chr17	629	0.3599776614658877	3	4.77	3	0	1.0	0	0	0.167	0.358	0.0822	3.916	0.554		4
485	SLC38A6/TRMT5	chr14	478	0.3599751705686955	1	2.09	1	0	1.0	0	0	0.109	0.384	0.103	3.858	0.306		1
486	IFT20/TNFAIP1	chr17	977	0.3599569464330884	1	1.02	1	0	1.0	0	0	0.098	0.43	0.1097	3.804	0.218		1
487	CGGBP1/C3orf38	chr3	999	0.3597128900065839	2	2.0	2	0	1.0	0	0	0.183	0.368	0.0739	3.923	0.031		3
488	MCM3AP/YBEY	chr21	984	0.3594107293598335	4	4.07	3	1	0.75	0	0	0.09	0.497	0.123	3.688	-0.673		3
489	GBA2/RGP1	chr9	630	0.3594067277060864	3	4.76	3	0	1.0	0	0	0.094	0.51	0.12	3.706	0.333		3
490	WDR7/TXNL1	chr18	375	0.3592823925609931	0	0.0	0	0	0.0	0	0	0.158	0.388	0.0877	3.888	0.487		1
491	PALB2/DCTN5	chr16	531	0.3588462426120561	2	3.77	2	0	1.0	0	0	0.096	0.432	0.1128	3.788	0.58		3
492	TCP1/MRPL18	chr6	2074	0.3585993955253273	4	1.93	2	2	0.5	0	0	0.161	0.385	0.0831	3.895	-0.411		3
493	JMJD6/METTL23	chr17	1389	0.358102807214137	3	2.16	2	1	0.67	0	0	0.088	0.48	0.1206	3.74	0.348		2
494	ZZEF1/CYB5D2	chr17	699	0.3579222902480071	1	1.43	1	0	1.0	0	0	0.06	0.476	0.1289	3.699	1.56		1
495	RHOF/SETD1B	chr12	5568	0.3575311207038584	3	0.54	0	3	0.0	0	0	0.167	0.416	0.0878	3.858	1.318		2
496	UIMC1/ZNF346	chr5	616	0.3575059113376334	2	3.25	1	1	0.5	0	0	0.094	0.483	0.1176	3.751	0.379		2
497	NPIPB2/SNX29	chr16	613	0.3572589468252333	1	1.63	1	0	1.0	0	0	0.065	0.51	0.1318	3.628	-0.058		1
498	PCSK7/RNF214	chr11	1168	0.3568034474079912	3	2.57	1	2	0.33	0	0	0.069	0.528	0.1305	3.632	0.305		2
499	DIMT1/IPO11	chr5	527	0.3566542979135638	2	3.8	0	2	0.0	0	0	0.072	0.483	0.1241	3.691	-0.249		2
500	FUBP1/DNAJB4	chr1	978	0.3565878897667554	3	3.07	1	2	0.33	0	0	0.182	0.314	0.0709	3.944	0.745		3
501	C17orf75/ZNF207	chr17	459	0.3563933542795633	0	0.0	0	0	0.0	0	0	0.175	0.332	0.0763	3.878	1.004		1
502	SRSF7/GEMIN6	chr2	1149	0.35602743973998	2	1.74	2	0	1.0	0	0	0.154	0.407	0.0946	3.867	0.404		3
503	PGAP2/NUP98	chr11	860	0.3553825558439652	1	1.16	0	1	0.0	0	0	0.083	0.48	0.1203	3.742	0.813		1
504	ERAL1/FAM222B	chr17	340	0.3551092196415093	0	0.0	0	0	0.0	0	0	0.118	0.386	0.1003	3.767	0.4		0
505	FBXL12/UBL5	chr19	490	0.3550747620581407	4	8.16	4	0	1.0	0	0	0.092	0.425	0.1064	3.777	-0.281		3
506	MRPL47/NDUFB5	chr3	442	0.3550128424894725	4	9.05	3	1	0.75	0	0	0.181	0.365	0.0811	3.899	0.539		4
507	NUDT22/TRPT1	chr11	422	0.3544221091350772	3	7.11	3	0	1.0	0	0	0.086	0.496	0.1217	3.677	-0.358		3
508	XRCC3/ZFYVE21	chr14	1574	0.354413841519102	4	2.54	0	4	0.0	0	0	0.053	0.566	0.1407	3.582	-0.165		2
509	RECQL/GOLT1B	chr12	353	0.3540853965771698	3	8.5	3	0	1.0	1	0	0.145	0.375	0.0897	3.885	1.011		4
510	TMEM203/NDOR1	chr9	1144	0.3540474781082112	3	2.62	3	0	1.0	0	0	0.079	0.442	0.1198	3.768	1.65		3
511	GALK2/COPS2	chr15	728	0.3537898576835288	2	2.75	2	0	1.0	0	0	0.133	0.369	0.0914	3.873	1.065		3
512	GAK/TMEM175	chr4	908	0.3532066184647098	3	3.3	2	1	0.67	0	0	0.063	0.496	0.1296	3.677	0.419		3
513	COMMD6/UCHL3	chr13	830	0.3529927672414261	2	2.41	1	1	0.5	0	0	0.145	0.38	0.0924	3.871	0.384		2
514	RPL18/SPHK2	chr19	646	0.352040279242364	4	6.19	3	1	0.75	1	0	0.11	0.431	0.1092	3.83	0.356		4
515	ALKBH1/SLIRP	chr14	496	0.3515772773275898	5	10.08	5	0	1.0	0	0	0.154	0.362	0.0916	3.891	0.667		4
516	EXOC5/AP5M1	chr14	598	0.351188988672059	1	1.67	1	0	1.0	0	0	0.082	0.499	0.1274	3.655	0.722		1
517	XRRA1/SPCS2	chr11	442	0.3510613502596119	0	0.0	0	0	0.0	0	0	0.102	0.413	0.1113	3.819	0.95		0
518	KIAA0586/TIMM9	chr14	631	0.3508169116069002	1	1.58	1	0	1.0	0	0	0.21	0.29	0.0563	3.969	0.112		2
519	BBOF1/ENTPD5	chr14	1031	0.3507907834320113	0	0.0	0	0	0.0	0	0	0.092	0.488	0.1198	3.713	-0.127		0
520	ATP6V1E1/BCL2L13	chr22	540	0.3498208125837889	0	0.0	0	0	0.0	0	0	0.134	0.369	0.0934	3.883	-0.041		0
521	SRRD/HPS4	chr22	576	0.3493701462448328	1	1.74	1	0	1.0	0	0	0.064	0.532	0.133	3.644	-0.058		1
522	MARF1/NDE1	chr16	351	0.3491560369896593	2	5.7	2	0	1.0	0	0	0.069	0.56	0.1309	3.443	1.217		3
523	TAF5L/URB2	chr1	1171	0.3485878819909809	2	1.71	2	0	1.0	0	0	0.049	0.574	0.1424	3.541	-0.186		2
524	CIAPIN1/COQ9	chr16	671	0.3485279661372319	1	1.49	1	0	1.0	0	0	0.079	0.494	0.1244	3.688	0.142		1
525	PSME3IP1/RSPRY1	chr16	1097	0.3484324909108823	2	1.82	1	1	0.5	0	0	0.14	0.41	0.0963	3.823	0.862		1
526	PIGB/RAB27A	chr15	523	0.347452463699016	3	5.74	3	0	1.0	0	0	0.172	0.356	0.0822	3.902	-0.23		4
527	MTX1/THBS3	chr1	474	0.3468920014496388	0	0.0	0	0	0.0	0	0	0.07	0.522	0.1299	3.636	0.317		0
528	ATG9A/ANKZF1	chr2	725	0.3468666745822901	0	0.0	0	0	0.0	0	0	0.104	0.471	0.1133	3.783	0.716		0
529	NEDD8/GMPR2	chr14	419	0.34669702681638	2	4.77	2	0	1.0	0	0	0.148	0.361	0.083	3.9	0.378		3
530	PSMA7/SS18L1	chr20	2069	0.3463822889616516	3	1.45	1	2	0.33	0	0	0.057	0.596	0.1435	3.55	0.024		1
531	ARFIP2/TIMM10B	chr11	504	0.3461089112381716	3	5.95	3	0	1.0	0	0	0.125	0.417	0.1012	3.828	0.965		3
532	DOLK/NUP188	chr9	1211	0.3459763389474461	1	0.83	1	0	1.0	0	0	0.088	0.453	0.1169	3.776	0.805		1
533	NAT9/TMEM104	chr17	448	0.3457206285821066	3	6.7	3	0	1.0	0	0	0.092	0.497	0.1172	3.706	-0.06		3
534	NSMCE2/WASHC5	chr8	362	0.3455658753438663	1	2.76	1	0	1.0	0	0	0.066	0.485	0.1309	3.684	0.078		2
535	RPUSD4/FAM118B	chr11	659	0.345190904321877	1	1.52	1	0	1.0	0	0	0.129	0.409	0.0995	3.865	0.354		1
536	SETD3/CCNK	chr14	2027	0.3451272842020454	1	0.49	0	1	0.0	0	0	0.09	0.495	0.1204	3.735	0.143		1
537	C2orf76/DBI	chr2	1046	0.3448048001246765	5	4.78	2	3	0.4	0	0	0.099	0.427	0.1087	3.801	-0.205		3
538	MRE11/ANKRD49	chr11	740	0.3447896870738633	2	2.7	1	1	0.5	0	0	0.149	0.361	0.0878	3.892	-0.202		2
539	TK2/CKLF	chr16	451	0.3445573188883362	0	0.0	0	0	0.0	0	0	0.138	0.409	0.0964	3.813	-0.367		0
540	C1orf131/GNPAT	chr1	447	0.3444020000807754	2	4.47	2	0	1.0	0	0	0.11	0.433	0.1091	3.813	0.605		3
541	IDH1/PIKFYVE	chr2	388	0.3441260691915315	1	2.58	1	0	1.0	0	0	0.101	0.47	0.1135	3.713	0.394		2
542	TAF11/ANKS1A	chr6	838	0.3440971143924952	2	2.39	2	0	1.0	0	0	0.057	0.52	0.1341	3.626	1.053		2
543	ELMOD3/RETSAT	chr2	447	0.3440485252327915	2	4.47	1	1	0.5	0	0	0.15	0.345	0.0881	3.886	-0.158		3
544	RNF167/SLC25A11	chr17	778	0.343601801999738	0	0.0	0	0	0.0	0	0	0.135	0.425	0.0995	3.843	0.971		0
545	HEXD/OGFOD3	chr17	682	0.3430709681219823	0	0.0	0	0	0.0	0	0	0.037	0.62	0.152	3.458	-0.33		0
546	FAM114A2/MFAP3	chr5	486	0.3427196288106008	3	6.17	3	0	1.0	0	0	0.111	0.394	0.1023	3.849	-0.232		3
547	TPRA1/MCM2	chr3	547	0.3425498778051713	0	0.0	0	0	0.0	0	0	0.064	0.478	0.1274	3.703	-0.23		0
548	TSPYL4/DSE	chr6	461	0.3425354612389386	0	0.0	0	0	0.0	0	0	0.111	0.385	0.1036	3.864	0.134		0
549	CNTROB/TRAPPC1	chr17	398	0.3422409191426852	1	2.51	1	0	1.0	0	0	0.078	0.443	0.115	3.775	0.218		2
550	ZNF345/ZNF790	chr19	1082	0.3421655104577164	3	2.77	2	1	0.67	0	0	0.167	0.317	0.0747	3.921	-0.059		4
551	AGPS/NFE2L2	chr2	665	0.3402361863590597	1	1.5	0	1	0.0	0	0	0.066	0.506	0.1296	3.665	1.13		1
552	ATG2B/GSKIP	chr14	868	0.3399673487423008	6	6.91	5	1	0.83	0	0	0.068	0.524	0.1322	3.633	-0.065		3
553	RNF41/NABP2	chr12	275	0.3397338861450404	1	3.64	1	0	1.0	0	0	0.102	0.431	0.1055	3.76	0.919		2
554	ANKRD11/SPG7	chr16	1938	0.3397107510682103	1	0.52	1	0	1.0	0	0	0.074	0.557	0.1341	3.615	-0.315		1
555	TIMM8B/SDHD	chr11	329	0.3396005631599586	2	6.08	2	0	1.0	0	0	0.125	0.375	0.0944	3.805	1.04		3
556	IMMP1L/ELP4	chr11	370	0.3395740912762844	1	2.7	1	0	1.0	0	0	0.136	0.344	0.0853	3.884	0.77		2
557	DDX19B/AARS1	chr16	483	0.3395068777889256	1	2.07	1	0	1.0	0	0	0.108	0.417	0.1071	3.804	-0.084		1
558	PTPMT1/CELF1	chr11	760	0.3389883158657014	0	0.0	0	0	0.0	0	0	0.043	0.516	0.1338	3.63	0.734		0
559	RNF25/STK36	chr2	403	0.3389376326362774	2	4.96	2	0	1.0	0	0	0.114	0.398	0.102	3.813	0.692		3
560	MCMBP/SEC23IP	chr10	504	0.3389149822521035	2	3.97	2	0	1.0	0	0	0.121	0.406	0.0959	3.864	1.123		3
561	ATP5F1A/HAUS1	chr18	734	0.3387306496503716	3	4.09	1	2	0.33	0	0	0.151	0.385	0.0921	3.896	-0.156		3
562	GATM/SPATA5L1	chr15	1384	0.3385051125433346	2	1.45	1	1	0.5	0	0	0.076	0.484	0.1249	3.718	1.476		1
563	HNRNPDL/ENOPH1	chr4	2406	0.3379626372147364	5	2.08	1	4	0.2	0	0	0.114	0.471	0.112	3.782	0.771		1
564	LZIC/NMNAT1	chr1	420	0.33744610512503	3	7.14	3	0	1.0	0	0	0.105	0.475	0.1083	3.761	0.093		3
565	INTS11/CPTP	chr1	992	0.3360212672699273	3	3.02	3	0	1.0	0	0	0.044	0.554	0.1404	3.579	-0.711		3
566	MRM2/NUDT1	chr7	743	0.3349258913514657	3	4.04	3	0	1.0	0	0	0.059	0.534	0.135	3.602	-0.66		3
567	LRRC40/SRSF11	chr1	259	0.3339533554060896	1	3.86	1	0	1.0	0	0	0.101	0.442	0.1196	3.766	0.379		2
568	YIPF2/TIMM29	chr19	1329	0.3334023916984496	3	2.26	3	0	1.0	0	0	0.075	0.473	0.123	3.747	0.925		2
569	MITD1/MRPL30	chr2	275	0.3329728368139029	1	3.64	1	0	1.0	0	0	0.157	0.325	0.0834	3.904	-0.084		3
570	ANKRD16/FBH1	chr10	1723	0.3327631275588777	3	1.74	1	2	0.33	0	0	0.052	0.568	0.1408	3.574	-0.022		1
571	CIAO2B/CES2	chr16	895	0.3325993468554542	2	2.23	2	0	1.0	0	0	0.101	0.434	0.1099	3.816	0.311		2
572	PREPL/CAMKMT	chr2	404	0.3323694338386175	1	2.48	1	0	1.0	0	0	0.065	0.434	0.1228	3.736	0.464		2
573	FBXO45/WDR53	chr3	949	0.3316032842703914	2	2.11	1	1	0.5	0	0	0.058	0.533	0.1374	3.629	1.535		1
574	ELOC/TMEM70	chr8	437	0.3310187916226699	3	6.86	2	1	0.67	0	0	0.126	0.404	0.0978	3.829	0.505		3
575	ACACA/TADA2A	chr17	243	0.3309238949960582	0	0.0	0	0	0.0	0	0	0.045	0.665	0.1642	3.251	-0.041		0
576	ACY1/ABHD14B	chr3	536	0.3302463666974392	0	0.0	0	0	0.0	0	0	0.058	0.516	0.1342	3.645	-0.177		0
577	CHMP1A/SPATA33	chr16	1444	0.329315466438566	3	2.08	2	1	0.67	0	0	0.08	0.513	0.1243	3.626	-0.641		2
578	ENTR1/PMPCA	chr9	1328	0.32925294436084	5	3.77	3	2	0.6	0	0	0.085	0.482	0.1205	3.746	0.037		3
579	RMDN1/CPNE3	chr8	713	0.3256078123166085	0	0.0	0	0	0.0	0	0	0.062	0.492	0.1275	3.686	-0.267		0
580	LSM7/SPPL2B	chr19	725	0.3251287769509577	0	0.0	0	0	0.0	0	0	0.093	0.496	0.1228	3.665	0.64		0
581	NPRL2/CYB561D2	chr3	722	0.3251263272091573	1	1.39	1	0	1.0	0	0	0.117	0.412	0.1028	3.86	0.783		1
582	MMUT/CENPQ	chr6	202	0.3239369797025562	2	9.9	2	0	1.0	0	0	0.184	0.388	0.0719	3.885	-0.261		4
583	GMFG/SAMD4B	chr19	1175	0.323697670575811	1	0.85	0	1	0.0	0	0	0.057	0.589	0.142	3.528	0.287		1
584	WDR46/PFDN6	chr6	539	0.3212190054087456	1	1.86	1	0	1.0	0	0	0.154	0.333	0.0786	3.869	0.467		2
585	FAHD1/HAGH	chr16	1520	0.3209121652011639	1	0.66	0	1	0.0	0	0	0.058	0.54	0.1381	3.629	0.606		1
586	CINP/TECPR2	chr14	717	0.3208006516120653	1	1.39	1	0	1.0	0	0	0.067	0.55	0.1372	3.588	-0.078		1
587	THAP4/ATG4B	chr2	1857	0.3199283876349052	5	2.69	0	5	0.0	0	0	0.059	0.578	0.1416	3.579	-0.152		2
588	GTF2H3/EIF2B1	chr12	382	0.3195540619666906	4	10.47	4	0	1.0	0	0	0.055	0.451	0.1245	3.693	-0.131		3
589	TSR3/GNPTG	chr16	1014	0.3186120975055179	3	2.96	2	1	0.67	0	0	0.045	0.55	0.1416	3.59	0.548		3
590	TUBB/MDC1	chr6	667	0.3181494200631997	0	0.0	0	0	0.0	0	0	0.152	0.35	0.0855	3.92	0.457		1
591	MST1/RNF123	chr3	406	0.3181014181126674	1	2.46	1	0	1.0	0	0	0.081	0.469	0.1217	3.71	0.439		2
592	PRKDC/MCM4	chr8	380	0.3170446616666749	1	2.63	1	0	1.0	0	0	0.061	0.565	0.1401	3.576	-0.091		2
593	DHX57/MORN2	chr2	553	0.3124233519277567	1	1.81	1	0	1.0	0	0	0.082	0.4	0.1098	3.807	0.089		1
594	AREL1/FCF1	chr14	246	0.3096924083466859	3	12.2	3	0	1.0	0	0	0.147	0.388	0.0949	3.883	0.344		3
595	MINDY1/PRUNE1	chr1	357	0.2998543416254435	1	2.8	1	0	1.0	0	0	0.09	0.466	0.1195	3.74	0.504		2
596	GGCX/VAMP8	chr2	328	0.2994114539689564	0	0.0	0	0	0.0	0	0	0.08	0.486	0.1208	3.729	-0.063		0
597	TRADD/FBXL8	chr16	493	0.2989254612425838	1	2.03	1	0	1.0	0	0	0.073	0.52	0.1291	3.667	0.084		1
598	MAN2B1/WDR83	chr19	308	0.2949975518427783	0	0.0	0	0	0.0	0	0	0.078	0.544	0.1304	3.588	0.094		0
599	STX10/IER2	chr19	4362	0.2484876289592006	7	1.6	2	5	0.29	0	0	0.116	0.42	0.1033	3.835	0.272		2
