chrom	start	end	gene1	gene2	composite_rank	composite_score	rank_centroid	dist_centroid	rank_nn	dist_nn	nearest_ucoe	rank_combined	combined_rank_avg	rank_centroid_pca	dist_centroid_pca
chr9	32550561	32552586	SMIM27	TOPORS	1	0.786865413636193	200	4.384361265552402	49	3.8067357371695167	A2UCOE	77	124.5	208	4.347446398268752
chr5	154857448	154859252	CNOT8	FAXDC2	2	0.7780627915108493	538	6.148475657439805	45	3.7203342604837695	TBP/PSMB1	293	291.5	543	6.142255704508092
chr2	241314884	241317061	SEPTIN2	HDLBP	3	0.7739277851772721	296	4.780814848629973	17	3.0482269079514026	A2UCOE	117	156.5	309	4.758134049324125
chr2	219176224	219178289	RETREG2	CNPPD1	4	0.7708619400351723	229	4.47081846676037	146	4.607825613588584	A2UCOE	151	187.5	197	4.302430866552863
chr12	106301928	106304279	TCP11L2	CKAP4	5	0.7598913116997591	509	5.879646370714339	157	4.661897828310036	TBP/PSMB1	360	333.0	471	5.493804585603419
chr8	90000913	90003228	DECR1	NBN	6	0.7474959029044654	297	4.782646855725377	94	4.3000159873943025	A2UCOE	167	195.5	231	4.439880848412503
chr9	93451058	93453581	FAM120A	FAM120AOS	7	0.7461614948439977	380	5.05789767985473	230	5.0306126389097985	A2UCOE	317	305.0	386	5.042494718715044
chr1	19484402	19486150	MICOS10	CAPZB	8	0.7436739585601657	63	3.7985209257737593	251	5.122164330519686	A2UCOE	119	157.0	61	3.6832822602219664
chr14	31025105	31026850	AP4S1	STRN3	9	0.7429796187755984	528	6.042932054775999	89	4.236430605223965	TBP/PSMB1	322	308.5	532	6.024041122032088
chr10	68331173	68333049	HNRNPH3	PBLD	10	0.7358678617473355	401	5.201730834060872	116	4.439776986329479	A2UCOE	253	258.5	388	5.044928898295188
chr1	5990926	5993346	KCNAB2	NPHP4	11	0.7348533263279048	186	4.343147784471855	422	5.9850456528758444	A2UCOE	313	304.0	151	4.148300952814445
chr14	64503249	64505462	ZBTB1	ZBTB25	12	0.7316515982881002	92	3.9783094112317605	19	3.1376935265705117	A2UCOE	18	55.5	75	3.76762728977158
chr16	10941639	10944906	DEXI	CLEC16A	13	0.7267657802467697	575	6.9439219308850335	300	5.362380726285208	TBP/PSMB1	475	437.5	562	6.474667014145689
chr19	49639966	49642507	RRAS	SCAF1	14	0.7243576298429307	331	4.904293225497882	158	4.6802226593354375	A2UCOE	233	244.5	302	4.72185610427738
chr17	63773324	63776351	DDX42	CCDC47	15	0.7211750502774684	499	5.772551791716115	410	5.947027246071335	A2UCOE	488	454.5	490	5.630364688326891
chr1	167935782	167937563	DCAF6	MPC2	16	0.7204085002656566	213	4.41887319892661	5	2.1254330909927073	A2UCOE	63	109.0	225	4.407577006398589
chr5	74639900	74641726	HEXB	ENC1	17	0.7202609633805676	462	5.502733922419943	524	6.726060826720323	A2UCOE	527	493.0	450	5.385997432810536
chr2	26243169	26245078	HADHB	HADHA	18	0.7148270123457738	480	5.635620531908253	18	3.122597256030795	TBP/PSMB1	238	249.0	479	5.5693330847463125
chr12	6765515	6767757	PTMS	MLF2	19	0.7146665560910722	515	5.918272048101204	144	4.600264351636576	TBP/PSMB1	349	329.5	507	5.785243722546467
chr9	129834697	129836042	USP20	C9orf78	20	0.710993007160773	47	3.689730869473716	218	4.983672934902519	A2UCOE	92	132.5	56	3.667138458565797
chr3	49020458	49022553	NDUFAF3	DALRD3	21	0.706980100793018	182	4.330439261000613	76	4.098058354299088	A2UCOE	83	129.0	167	4.181794328496873
chr3	23945160	23946591	NR1D2	NKIRAS1	22	0.6929472923228603	103	4.044460513938017	223	5.00644702779408	A2UCOE	126	163.0	82	3.8167675748916072
chr12	122980059	122981649	ARL6IP4	ABCB9	23	0.6928077663684853	165	4.2587604933719145	306	5.3981504694961915	A2UCOE	220	235.5	178	4.233062065370683
chr19	46745984	46746994	FKRP	STRN4	24	0.685961375142278	123	4.107339827786099	407	5.935128732177538	A2UCOE	262	265.0	103	3.9498944804651943
chr6	41786142	41787838	FRS3	TOMM6	25	0.6855181641203176	212	4.417435372247287	126	4.475984691719015	A2UCOE	130	169.0	201	4.3185338277936385
chr17	42609041	42610623	TUBG1	RETREG3	26	0.6846785026472988	366	5.0200090315338235	37	3.5949172926095065	TBP/PSMB1	176	201.5	346	4.871448932297136
chr6	170553036	170554735	PSMB1	TBP	27	0.6796373196237975	312	4.834151531878702	1	0.0	TBP/PSMB1	117	156.5	321	4.7947277630358105
chr21	33641570	33643926	ITSN1	CRYZL1	28	0.6722254600563627	288	4.742650105164333	238	5.06377669621732	A2UCOE	257	263.0	291	4.686077991982468
chr2	130181267	130182773	MZT2B	SMPD4	29	0.6713506529385329	120	4.103698212405053	250	5.11771984374862	A2UCOE	144	185.0	119	4.025744646694283
chr17	64505361	64508199	CEP95	DDX5	30	0.6676003739331804	510	5.882843488880474	79	4.115389428240551	A2UCOE	300	294.5	517	5.859882503983929
chr4	673484	674937	MYL5	ATP5ME	31	0.6544171724034893	88	3.9334072947574463	193	4.862072911056604	A2UCOE	99	140.5	85	3.82761673189102
chr8	42541092	42542052	SMIM19	SLC20A2	32	0.6496650406589353	78	3.8623986191415547	109	4.396440529989042	A2UCOE	49	93.5	65	3.7031958827722513
chr19	49590262	49592250	NOSIP	PRR12	33	0.6477519357205872	153	4.202834505702876	88	4.225271747393019	A2UCOE	72	120.5	166	4.181302997498752
chr21	25734503	25735900	GABPA	ATP5PF	34	0.6429158034632474	201	4.388972415105303	53	3.835198178648613	A2UCOE	80	127.0	212	4.363780078536886
chr8	73293988	73295944	RDH10	RPL7	35	0.6425522768794681	117	4.099721116021653	134	4.533439306198151	A2UCOE	79	125.5	121	4.0283119398685585
chr12	108560719	108562983	SART3	ISCU	36	0.6390499084201928	270	4.670113802251511	29	3.4627810648797843	A2UCOE	110	149.5	284	4.656024415243284
chr12	123971844	123974181	ZNF664	CCDC92	37	0.637090096907135	446	5.420310285820484	62	3.962900310555439	TBP/PSMB1	246	254.0	444	5.361321287787637
chr11	67468173	67469482	AIP	TMEM134	38	0.6370097534937078	61	3.785200634544237	426	5.990541430057175	A2UCOE	231	243.5	31	3.3909327195578465
chr2	197515570	197516737	MOB4	HSPD1	39	0.636329621908062	128	4.1234544693606905	165	4.72670230288295	A2UCOE	107	146.5	105	3.955080490190719
chr1	37806978	37808730	C1orf122	YRDC	40	0.6358882392239631	524	6.021992995753501	343	5.580272594618772	A2UCOE	472	433.5	524	5.954319983862794
chr16	69131290	69133005	UTP4	CHTF8	41	0.6342500880899035	455	5.494168966364572	166	4.729346508322205	TBP/PSMB1	325	310.5	464	5.451376757633967
chr3	122793638	122795630	HSPBAP1	SLC49A4	42	0.6275160474481914	344	4.955320141491391	232	5.036349717209402	A2UCOE	290	288.0	317	4.784908321242473
chr10	63521110	63522270	REEP3	JMJD1C	43	0.6171810395967052	333	4.910511035111878	8	2.8022766218085473	TBP/PSMB1	132	170.5	333	4.836446723626718
chr16	74998859	75000309	ZNRF1	WDR59	44	0.6149617145057471	191	4.369512222957594	471	6.266864918406012	A2UCOE	351	331.0	185	4.26174447065073
chr1	235327023	235328845	GGPS1	ARID4B	45	0.6130369634308005	74	3.8552748964598087	23	3.3219538428543958	A2UCOE	14	48.5	89	3.8464704171539337
chr3	63863154	63864681	ATXN7	THOC7	46	0.6127275752743839	387	5.080477761386266	14	3.008860786712641	TBP/PSMB1	174	200.5	394	5.074546033527334
chr17	4947647	4950612	ENO3	PFN1	47	0.6111760788651583	459	5.497351718881542	27	3.3679370166361355	TBP/PSMB1	230	243.0	449	5.3786065148405395
chr12	105235289	105236321	C12orf75	APPL2	48	0.6066319380511885	4	2.9934833568238455	172	4.762414119062573	A2UCOE	44	88.0	6	2.9100523325579433
chr3	52704954	52706410	SPCS1	GLT8D1	49	0.6054604628118399	146	4.180870094228989	154	4.643760178146782	A2UCOE	111	150.0	153	4.154017785585944
chr16	75647366	75648681	TERF2IP	KARS1	50	0.6002478799614978	137	4.154547081891619	207	4.9387882016395395	A2UCOE	134	172.0	142	4.101606874115778
chr17	10697108	10698375	ADPRM	SCO1	51	0.5994343504244408	514	5.897724686691217	39	3.6371443581884595	TBP/PSMB1	277	276.5	518	5.869525561255926
chr17	75784765	75785893	UNK	H3-3B	52	0.5980954635012357	316	4.851765146149744	74	4.078032608413069	A2UCOE	165	195.0	249	4.497706753345449
chr17	2336336	2338253	TSR1	SGSM2	53	0.5947112593444948	57	3.7630244142715554	319	5.479120542047361	A2UCOE	152	188.0	45	3.5541319122598005
chr10	102502467	102504398	ACTR1A	SUFU	54	0.5942069743086276	410	5.249125992405822	387	5.8050465178720705	A2UCOE	434	398.5	398	5.116969329987318
chr6	31665038	31666316	CSNK2B	GPANK1	55	0.5902313099071926	374	5.047999751987566	135	4.5351299973312	A2UCOE	248	254.5	385	5.035975122691791
chr2	27211564	27212958	ATRAID	SLC5A6	56	0.5854931705917303	280	4.714315899404454	98	4.325708419716393	A2UCOE	155	189.0	296	4.6987542708623815
chr1	231337103	231338636	SPRTN	EXOC8	57	0.5851228068942779	145	4.179356675979787	22	3.280241649759658	A2UCOE	41	83.5	160	4.1683332300986855
chr3	49411428	49412998	TCTA	RHOA	58	0.5845092925260822	55	3.737732023103251	149	4.62697365610214	A2UCOE	57	102.0	48	3.6080709998682683
chr12	57087014	57089333	NEMP1	NAB2	59	0.5802000189596751	416	5.277246994705514	246	5.112573564518359	A2UCOE	351	331.0	392	5.06703763495288
chr1	155687959	155689334	DAP3	YY1AP1	60	0.5783841542598629	279	4.7029835535966225	160	4.6870543357609185	A2UCOE	198	219.5	276	4.616715676358895
chr1	112618969	112620825	CAPZA1	ST7L	61	0.5766104400821865	518	5.954200439062711	141	4.5805267088236805	A2UCOE	349	329.5	504	5.773561255247086
chr11	64317174	64318585	TRMT112	PRDX5	62	0.5742697582187506	98	4.014105354510402	70	4.017134758788718	A2UCOE	42	84.0	100	3.9470503431441912
chr1	50959775	50960744	FAF1	CDKN2C	63	0.5710509683192992	424	5.302110869194859	78	4.113004191874237	TBP/PSMB1	241	251.0	431	5.272625567808818
chr5	69369260	69370039	RAD17	AK6	64	0.5702833587532785	534	6.0975193639091625	404	5.928174893350374	A2UCOE	506	469.0	534	6.038566506668874
chr17	18314507	18315742	TOP3A	SMCR8	65	0.5698712032188541	367	5.020810448634257	11	2.892752132307838	TBP/PSMB1	155	189.0	376	4.980401107318031
chr14	24146682	24147906	RNF31	PSME2	66	0.5681317356876291	72	3.8442436468139025	354	5.620517405063341	A2UCOE	192	213.0	86	3.832793957427363
chr19	2235682	2237704	SF3A2	PLEKHJ1	67	0.5660829814765869	56	3.7398775896167167	142	4.585776092096225	A2UCOE	54	99.0	59	3.6766630673344953
chr5	179805532	179807595	SQSTM1	MGAT4B	68	0.564844305547429	33	3.511367548648509	351	5.611457036924609	SRF-UCOE	160	192.0	15	3.2147235351753336
chr1	150268199	150269580	C1orf54	APH1A	69	0.5612484396698942	421	5.298536378142789	273	5.232015868861845	A2UCOE	382	347.0	421	5.225964526070753
chr2	190343569	190344274	INPP1	HIBCH	70	0.5601331692300103	579	7.133477970174859	496	6.495107687869434	TBP/PSMB1	558	537.5	577	6.929661271026018
chr19	5622237	5624046	SAFB	SAFB2	71	0.5596577494221452	210	4.411582693955447	67	3.992590292713732	A2UCOE	96	138.5	198	4.304366938171575
chr17	81890636	81892105	ANAPC11	ALYREF	72	0.5575320404167655	39	3.5595195499855357	176	4.780432507357745	A2UCOE	61	107.5	29	3.365281208210758
chr3	44975240	44976644	EXOSC7	ZDHHC3	73	0.5538639509420171	245	4.537721847232163	129	4.492828384163032	A2UCOE	150	187.0	259	4.535239106016805
chr19	49876139	49878351	TBC1D17	PNKP	74	0.5537593473019202	560	6.46667276109887	107	4.385608836702213	TBP/PSMB1	362	333.5	561	6.452986224222337
chr17	76735864	76738140	MFSD11	SRSF2	75	0.5527005712451541	596	9.032625995564716	582	7.707958473933039	A2UCOE	591	589.0	596	8.931550662392429
chr4	139301272	139302551	NAA15	NDUFC1	76	0.5521541857652328	408	5.243711456050045	209	4.952541028522486	A2UCOE	322	308.5	409	5.175825662838996
chr1	156053171	156054849	UBQLN4	LAMTOR2	77	0.5449366162671481	329	4.900034040239568	212	4.967111427852617	A2UCOE	272	270.5	332	4.829961383048358
chr5	140647057	140647919	IK	NDUFA2	78	0.5443373850708256	84	3.9052288920242186	163	4.717637318174881	A2UCOE	75	123.5	87	3.832824385796057
chr2	46616415	46617193	CRIPT	PIGF	79	0.544180420872703	50	3.714016116780555	132	4.510150446135471	A2UCOE	48	91.0	60	3.680418255533726
chr11	62611721	62613084	ROM1	EML3	80	0.5429753529077868	138	4.158568643817321	465	6.258235705576663	SRF-UCOE	308	301.5	130	4.057202638122833
chr4	145098011	145098674	ABCE1	ANAPC10	81	0.5365925905757825	448	5.424071342862219	159	4.68222749277622	TBP/PSMB1	312	303.5	458	5.413391190227837
chr11	58578200	58579848	LPXN	ZFP91	82	0.5358904799393079	399	5.200204278679119	44	3.6904410330494852	A2UCOE	204	221.5	400	5.12331925969107
chr12	48105138	48106449	PFKM	SENP1	83	0.5328663046040444	392	5.140162626017629	117	4.443044566087711	A2UCOE	248	254.5	396	5.08953386748605
chr17	1829591	1830634	RPA1	SMYD4	84	0.5322403372771398	299	4.784127054040276	521	6.700205273296995	A2UCOE	443	410.0	312	4.766368026823058
chr3	134485678	134486716	CEP63	ANAPC13	85	0.5269948191061389	390	5.116526527969452	257	5.146891822668485	A2UCOE	347	323.5	383	5.017426334069727
chr2	218269650	218270670	PNKD	AAMP	86	0.526399114219984	498	5.762894987832331	184	4.813408937727131	TBP/PSMB1	372	341.0	499	5.690294765707453
chr14	100376002	100376805	WDR25	WARS1	87	0.5231847875068993	5	3.0848546036587563	86	4.206751697470762	A2UCOE	12	45.5	7	3.0511251962187282
chr1	243254439	243256033	CEP170	SDCCAG8	88	0.5219816461907159	216	4.4250557610676005	226	5.013047176807641	A2UCOE	203	221.0	224	4.396699367535868
chr1	32816766	32818305	S100PBP	YARS1	89	0.5209069858474257	491	5.701558702485076	418	5.963398519776096	A2UCOE	488	454.5	495	5.67106566816772
chrX	7147236	7148447	STS	PUDP	90	0.5204027365155255	225	4.457747152921398	517	6.652440530486336	A2UCOE	412	371.0	211	4.362999296084059
chr10	87094000	87095741	SHLD2	GLUD1	91	0.5203124558993317	42	3.5781323141811585	110	4.413198882690758	A2UCOE	37	76.0	20	3.3051419343498427
chr6	110178822	110180618	WASF1	CDC40	92	0.5198951185443363	252	4.577898989160841	10	2.892629084645754	TBP/PSMB1	88	131.0	261	4.547062398874967
chr5	80654184	80655054	MSH3	DHFR	93	0.5187311664372258	16	3.3534606901383484	187	4.829681695596146	A2UCOE	56	101.5	28	3.349484416925277
chr19	13116083	13117567	NACC1	TRMT1	94	0.518287192582942	206	4.401464958126576	328	5.529007653662461	A2UCOE	266	267.0	206	4.342148029803036
chr2	218658763	218659854	BCS1L	ZNF142	95	0.5177329931947673	230	4.475351778413157	446	6.110793857120268	A2UCOE	368	338.0	241	4.466616452806335
chrX	153970620	153973029	HCFC1	TMEM187	96	0.5175122637594508	442	5.409190368573151	399	5.882447478155855	A2UCOE	455	420.5	434	5.288929117819658
chr1	222711984	222713210	BROX	AIDA	97	0.516034906055598	259	4.614036110512712	298	5.351874443070632	A2UCOE	280	278.5	233	4.440809334291846
chr4	75513945	75514793	THAP6	RCHY1	98	0.515801423309665	398	5.180449712330445	177	4.781123197369764	A2UCOE	289	287.5	401	5.133361811775496
chr13	113208048	113210203	CUL4A	PCID2	99	0.5148324363220573	208	4.405699897353056	6	2.686574211536732	A2UCOE	60	107.0	220	4.383589253693049
chr7	726448	727650	DNAAF5	PRKAR1B	100	0.5139159287725071	470	5.552573476212687	442	6.101665503376786	SRF-UCOE	491	456.0	426	5.2475964938038695
chr17	7251105	7252807	ELP5	CTDNEP1	101	0.5137477182532998	359	4.994495104501943	266	5.198896775581577	A2UCOE	327	312.5	370	4.956416185629525
chr1	151070325	151071095	CDC42SE1	GABPB2	102	0.5129419508195914	517	5.924803732801114	468	6.260337951123491	TBP/PSMB1	526	492.5	510	5.822590520368413
chr7	151057209	151058339	SLC4A2	CDK5	103	0.5112293042983629	423	5.3018437534909575	481	6.342065265321451	A2UCOE	486	452.0	408	5.1732306483511215
chr9	35814450	35815354	TMEM8B	HINT2	104	0.5109303690675077	526	6.028070505943199	398	5.864781508028225	A2UCOE	497	462.0	528	5.991095342945901
chr6	44126913	44128397	TMEM63B	MRPL14	105	0.5097438939400891	76	3.8603909115179844	415	5.955062616726841	SRF-UCOE	234	245.5	84	3.8251201520148843
chr10	35126560	35127757	CREM	CUL2	106	0.5088689695342689	172	4.2926879435004786	26	3.341009255778354	A2UCOE	54	99.0	163	4.174103884188928
chr1	111139478	111140681	CEPT1	DRAM2	107	0.5056645584370422	178	4.308139376430219	84	4.184470239924917	A2UCOE	88	131.0	195	4.29944756582525
chr9	75087969	75088903	NMRK1	OSTF1	108	0.5043553014563947	38	3.550534694750107	155	4.644228023182294	A2UCOE	52	96.5	37	3.4446453535301056
chr22	19941370	19941945	COMT	TXNRD2	109	0.5036093402827355	519	5.995458099258844	518	6.664631172037404	TBP/PSMB1	539	518.5	526	5.963885600479589
chr19	2163633	2165604	DOT1L	AP3D1	110	0.5024918875317474	51	3.7163598646056277	443	6.103579206309101	SRF-UCOE	236	247.0	44	3.5317428608416743
chr1	52055074	52056624	TXNDC12	BTF3L4	111	0.5019114956244443	439	5.38418832027192	405	5.929313948058614	A2UCOE	458	422.0	445	5.363246328417766
chr1	193059091	193060141	RO60	UCHL5	112	0.5004362618186373	149	4.190554002108463	25	3.338854475071074	A2UCOE	43	87.0	158	4.162737711147931
chr22	30968578	30969589	MORC2	TUG1	113	0.4979270151137874	30	3.498568483578878	204	4.928567042143008	A2UCOE	68	117.0	11	3.1403564756535753
chr19	49928701	49929881	ATF5	NUP62	114	0.4972792431709512	490	5.691892143687273	330	5.5318252529541425	A2UCOE	443	410.0	488	5.619699415070046
chr10	100529071	100530000	HIF1AN	NDUFB8	115	0.4957748411146178	354	4.986069062015179	416	5.957319887394603	A2UCOE	423	385.0	359	4.925966054112851
chr8	103414666	103415595	DCAF13	SLC25A32	116	0.4954164391125317	126	4.120604988224695	115	4.437865166391127	A2UCOE	72	120.5	145	4.116287979981389
chr12	53499411	53501529	MAP3K12	TARBP2	117	0.4936531572940291	298	4.783335313389947	303	5.373196315911647	A2UCOE	307	300.5	271	4.592556445753735
chr16	56450953	56452199	OGFOD1	NUDT21	118	0.4927389428933741	269	4.668198070212106	190	4.840583432584694	A2UCOE	212	229.5	281	4.645153455626596
chr6	149749377	149750149	PCMT1	NUP43	119	0.4909011008384977	8	3.181451373286008	353	5.619881324664414	A2UCOE	141	180.5	4	2.907255462462511
chr16	85798632	85800236	COX4I1	EMC8	120	0.490119901809191	508	5.878380473033534	350	5.603322134899019	A2UCOE	466	429.0	515	5.852909490212597
chr9	133356273	133357090	SURF2	SURF1	121	0.4893060439806542	522	6.007598554105048	1	0.0	SRF-UCOE	255	261.5	530	5.9983745837463305
chr17	5419187	5420396	RPAIN	NUP88	122	0.4886512843814309	102	4.042230918181812	24	3.326291998154208	A2UCOE	21	63.0	124	4.035090177464333
chr11	34915781	34916833	PDHX	APIP	123	0.4885776818312056	174	4.29629535478067	47	3.774381512060845	A2UCOE	65	110.5	181	4.239175486970885
chr3	15601263	15602074	BTD	HACL1	124	0.4876355892179129	136	4.154385268522033	324	5.503217347322128	A2UCOE	214	230.0	146	4.116647076278144
chr12	110468074	110469378	FAM216A	GPN3	125	0.4850135440429092	379	5.057643117521922	311	5.427083262915175	A2UCOE	379	345.0	365	4.943221708145302
chr17	19377687	19379228	MAPK7	B9D1	126	0.4846138797115699	114	4.080147798507774	437	6.050914454461821	A2UCOE	276	275.5	88	3.841284631517845
chr9	34637203	34638132	SIGMAR1	GALT	127	0.4845404795517342	3	2.988410597950959	279	5.283931120034881	TBP/PSMB1	100	141.0	2	2.7941420572126128
chr1	45339892	45340893	TOE1	MUTYH	128	0.4839673090867077	222	4.44036766981883	151	4.63102604061418	A2UCOE	148	186.5	217	4.378669142332802
chr19	45178065	45179898	TRAPPC6A	BLOC1S3	129	0.4832271275426995	435	5.370509005717691	462	6.238772970148567	A2UCOE	485	448.5	442	5.345501123581944
chr7	92528173	92529091	PEX1	RBM48	130	0.4829581106252282	69	3.82451243712563	21	3.2603883832246088	A2UCOE	10	45.0	57	3.672249908353081
chr3	42600352	42601113	NKTR	SEC22C	131	0.4813290223830098	363	5.018557388138152	362	5.690341380423173	A2UCOE	400	362.5	378	4.998187946952443
chr3	36992737	36993865	EPM2AIP1	MLH1	132	0.4808899760046625	568	6.778008007112262	368	5.720361295895889	TBP/PSMB1	505	468.0	569	6.762567290102249
chr17	75261099	75262363	MRPS7	GGA3	133	0.4808091675047284	468	5.5407460674474125	55	3.84571083104957	A2UCOE	255	261.5	470	5.488561978922577
chr1	100895032	100896252	EXTL2	SLC30A7	134	0.4805464092954999	376	5.05402726612217	197	4.888508801063621	A2UCOE	286	286.5	354	4.906976289787607
chr4	127964849	127966034	ABHD18	MFSD8	135	0.4798488789015497	476	5.613461378904006	240	5.072024707668169	A2UCOE	393	358.0	475	5.548714090721718
chr7	66995125	66995816	TYW1	SBDS	136	0.4766984932627945	371	5.029980550139782	501	6.526616534906916	SRF-UCOE	473	436.0	316	4.784624909098864
chr22	41446253	41447915	TOB2	ACO2	137	0.4751814043882074	342	4.937302202187916	220	4.987128495051881	A2UCOE	281	281.0	313	4.7669032109720195
chr19	47112698	47113844	SAE1	ZC3H4	138	0.4750457367131521	570	6.87052934453618	379	5.767003271645275	TBP/PSMB1	512	474.5	573	6.858317137509417
chr1	35557079	35558233	NCDN	KIAA0319L	139	0.4748694143706312	62	3.7887228743634065	216	4.976175677055823	A2UCOE	97	139.0	71	3.760404415190773
chr1	154220178	154221312	UBAP2L	C1orf43	140	0.4743690204441149	198	4.382913699078751	113	4.434550271946652	A2UCOE	116	155.5	196	4.300565541139266
chr4	165207233	165208549	KLHL2	TMEM192	141	0.4732063601607862	485	5.66159634128958	560	7.176200189054508	TBP/PSMB1	546	522.5	456	5.403916917526213
chr9	128275312	128276416	SWI5	GOLGA2	142	0.4725997465551459	217	4.428307950102237	400	5.895629593628561	A2UCOE	322	308.5	227	4.419567977332753
chr1	11805405	11806509	CLCN6	MTHFR	143	0.4701189954786859	130	4.138353596791211	130	4.494943252212997	A2UCOE	86	130.0	111	3.992913431724805
chr17	51259741	51261222	MBTD1	UTP18	144	0.4682045457532678	19	3.378723305116481	9	2.8262230501800256	A2UCOE	1	14.0	25	3.3313653927663376
chr5	150000045	150001239	HMGXB3	TIGD6	145	0.4677721845599899	231	4.476922984937901	61	3.9502118371836183	A2UCOE	106	146.0	234	4.447588314043207
chr2	27889940	27890897	BABAM2	RBKS	146	0.4676516822799612	175	4.300810422098461	265	5.193185832265809	A2UCOE	201	220.0	182	4.243481946311231
chr3	47282257	47283451	KLHL18	KIF9	147	0.4671526173021504	311	4.831997733436703	168	4.73684557778559	A2UCOE	224	239.5	328	4.811886697643495
chr7	92245467	92246537	ANKIB1	KRIT1	148	0.4655002784944987	133	4.143946427930042	91	4.278270609574801	A2UCOE	67	112.0	135	4.08849376332506
chr11	65857024	65862026	MUS81	CFL1	149	0.4653368370759675	586	7.321082988875304	456	6.156438532931875	TBP/PSMB1	543	521.0	585	7.226990297133298
chr4	184648807	184650062	PRIMPOL	CASP3	150	0.4641154664684079	20	3.4032788919547836	13	2.9224705437455807	A2UCOE	2	16.5	19	3.2741000745978215
chr3	128051640	128052781	SEC61A1	MGLL	151	0.4620763966467889	377	5.0546400198713695	185	4.813754999846813	A2UCOE	281	281.0	363	4.9353091207343995
chr16	20899867	20901294	LYRM1	ERI2	152	0.4619849016350353	45	3.6685755649791716	81	4.1330190620108125	A2UCOE	21	63.0	47	3.590432840709576
chr14	103561895	103563334	KLC1	BAG5	153	0.4597568802152613	303	4.794139363549938	237	5.059275325053906	A2UCOE	271	270.0	319	4.789367013055293
chr12	57771491	57772958	EEF1AKMT3	METTL1	154	0.4597406307900152	375	5.0505942436915205	211	4.958237433316667	A2UCOE	294	293.0	375	4.977175939610187
chr10	1048397	1049654	IDI1	WDR37	155	0.4584506350647806	161	4.229647996913125	77	4.100347785422014	A2UCOE	69	119.0	171	4.200915758577961
chr17	59707191	59707747	VMP1	PTRH2	156	0.4574124545854272	313	4.83626112986042	484	6.362202772866449	A2UCOE	434	398.5	314	4.77559398909438
chr15	100601770	100603230	ASB7	LINS1	157	0.4572339631454843	494	5.723726546184048	323	5.5029290719241795	A2UCOE	440	408.5	502	5.717763284932794
chr14	35121845	35122797	PRORP	PPP2R3C	158	0.4567322577361068	529	6.056491036333842	297	5.351036637955518	A2UCOE	446	413.0	521	5.879031124047941
chr15	77419283	77420411	PEAK1	HMG20A	159	0.4555123525745845	93	3.987619545546015	378	5.7640443828129735	SRF-UCOE	220	235.5	97	3.9229084401337393
chr9	35731813	35732760	TLN1	CREB3	160	0.4552430165754892	531	6.0657607526751915	408	5.941048613863225	A2UCOE	508	469.5	535	6.054966542930916
chr14	73949925	73950655	COQ6	FAM161B	161	0.4549894837693224	558	6.4120940850882455	503	6.537925525602665	A2UCOE	554	530.5	560	6.407476833354596
chr7	16644614	16646739	ANKMY2	BZW2	162	0.454971979643982	58	3.7662587036795143	201	4.90988450659416	A2UCOE	85	129.5	41	3.4959329632303517
chr17	5486070	5486963	MIS12	DERL2	163	0.4548779568860479	291	4.7520853287885085	322	5.49874480260837	A2UCOE	318	306.5	303	4.723428155042644
chr11	206975	209225	BET1L	RIC8A	164	0.4548655745855531	106	4.055542829992183	33	3.514432047449998	A2UCOE	29	69.5	101	3.9475390965897437
chr16	29995257	29996553	INO80E	HIRIP3	165	0.4533830896738671	205	4.4010892366317265	377	5.76396310167139	TBP/PSMB1	292	291.0	174	4.21702710316045
chr5	149550686	149551946	CSNK1A1	ARHGEF37	166	0.4523725101551734	466	5.524115672117876	60	3.9432172357825954	A2UCOE	257	263.0	463	5.4469202659223335
chr11	62726522	62728068	HNRNPUL2	TTC9C	167	0.4523279074924609	80	3.8653891386292605	205	4.92939795175037	A2UCOE	103	142.5	76	3.771568823513595
chr22	20858422	20859417	SNAP29	PI4KA	168	0.4522425479529712	285	4.73533132175458	386	5.801730448787742	SRF-UCOE	365	335.5	285	4.662309722044153
chr9	128881632	128882494	LRRC8A	KYAT1	169	0.4516350109605391	272	4.677205675952343	270	5.221351582886359	A2UCOE	273	271.0	288	4.671017702470929
chr12	6493194	6494140	NCAPD2	MRPL51	170	0.450388871678782	194	4.376155772042777	245	5.112449839529377	A2UCOE	198	219.5	191	4.288953529992509
chr11	57712014	57712836	MED19	TMX2	171	0.4490581231008286	144	4.177805495542286	391	5.825015344968388	A2UCOE	267	267.5	138	4.098745458051999
chr3	150602874	150604004	SELENOT	SERP1	172	0.4487589366064605	86	3.9195886830498283	20	3.1800729564865766	A2UCOE	15	53.0	94	3.90147296478264
chr5	75510756	75512149	POLK	CERT1	173	0.4481629083183257	132	4.142250944731676	59	3.8965247051084853	A2UCOE	51	95.5	141	4.100653487387711
chr8	116766248	116766925	UTP23	EIF3H	174	0.4480821560612326	202	4.391241509029808	103	4.350537625493273	A2UCOE	112	152.5	219	4.381130196725341
chr18	75207959	75212227	PTGR3	TSHZ1	175	0.4463142520478811	597	9.395099502914588	597	10.217195463859943	TBP/PSMB1	597	597.0	597	9.334644182119298
chr21	33541997	33543491	SON	GART	176	0.4455615415929486	497	5.759274801226083	140	4.5780100255210145	A2UCOE	337	318.5	497	5.68012850294294
chr16	71808020	71809201	ATXN1L	AP1G1	177	0.4455283062638606	578	7.12609306124154	374	5.751691828360405	A2UCOE	513	476.0	581	7.118137201471502
chr6	109094357	109095544	SESN1	CEP57L1	178	0.4443386139248133	164	4.254540180851008	222	5.001547924726324	A2UCOE	163	193.0	152	4.1487889243850775
chr14	21476596	21477653	TOX4	RAB2B	179	0.443432116845267	43	3.6505153857826897	64	3.972674471269138	A2UCOE	16	53.5	50	3.629589313273326
chr2	171433854	171434802	DCAF17	METTL8	180	0.4413840297473157	300	4.784136353860285	313	5.447166609446946	A2UCOE	318	306.5	223	4.392172611212813
chr12	990053	991136	RAD52	ERC1	181	0.440938100295153	214	4.422022384017483	179	4.790182463660881	A2UCOE	168	196.5	114	3.9980286991018747
chr10	112446846	112447572	VTI1A	ZDHHC6	182	0.4406401525474888	456	5.494646226433286	428	6.006000403793195	A2UCOE	478	442.0	466	5.45956416493305
chr6	18154964	18156123	TPMT	KDM1B	183	0.440349458751683	14	3.3057227256246318	202	4.9126864337456375	A2UCOE	62	108.0	14	3.211567452070692
chr17	49788612	49789362	KAT7	FAM117A	184	0.4403375073173224	319	4.86675619266827	326	5.511635590275943	A2UCOE	345	322.5	311	4.764932193735823
chr18	21704204	21705091	ABHD3	MIB1	185	0.4402060241049533	29	3.480445842189187	317	5.472460591659611	A2UCOE	137	173.0	26	3.3342236909530114
chr1	86914424	86915531	SELENOF	HS2ST1	186	0.4400697622813752	25	3.467788306374163	269	5.221302232254371	A2UCOE	109	147.0	35	3.4257766901177087
chr1	63593266	63594242	PGM1	ITGB3BP	187	0.4394668808973422	540	6.167224683955339	514	6.618618551394962	TBP/PSMB1	550	527.0	540	6.11631307305724
chr7	26199798	26202442	CBX3	HNRNPA2B1	188	0.4392509705843749	306	4.809525378885775	1	0.0	A2UCOE	114	153.5	315	4.7807997854309345
chr1	185156718	185157573	TRMT1L	SWT1	189	0.4391629026269424	474	5.600511202505354	170	4.74643832277235	TBP/PSMB1	344	322.0	482	5.598575949752182
chr7	100428181	100430379	MEPCE	ZCWPW1	190	0.4388382204290074	500	5.796402156124464	182	4.796657189016801	A2UCOE	372	341.0	478	5.564092087110241
chr7	77798014	77799533	TMEM60	PHTF2	191	0.4385777079958576	41	3.572917709001845	85	4.186511675036368	A2UCOE	21	63.0	46	3.5660729614447306
chr10	27154101	27155565	MASTL	YME1L1	192	0.4378529138192309	433	5.328703923718762	15	3.0168115513446474	A2UCOE	207	224.0	429	5.253390128308789
chr12	95217058	95218221	FGD6	VEZT	193	0.4375041610397264	483	5.654507564194445	396	5.854593180409579	A2UCOE	476	439.5	493	5.653206638458779
chr3	9792308	9793301	ARPC4	TADA3	194	0.4364699002179997	507	5.869136198743708	412	5.9520571158245215	A2UCOE	493	459.5	516	5.8555590365633945
chr20	63707307	63708922	ZGPAT	ARFRP1	195	0.4361035378891431	356	4.987628726606186	535	6.822165501060024	A2UCOE	482	445.5	336	4.844563693482326
chr15	42273200	42274206	GANC	TMEM87A	196	0.4350332714733422	397	5.1714966995293485	369	5.722799293512776	A2UCOE	421	383.0	323	4.797891230378176
chr11	95789296	95790879	CEP57	FAM76B	197	0.4348987999055153	223	4.443938873451762	50	3.8077032624727956	A2UCOE	94	136.5	221	4.385251581838459
chr22	40856142	40857236	ST13	XPNPEP3	198	0.4344616783562706	381	5.059848238655992	206	4.936696322991218	A2UCOE	296	293.5	330	4.822429470011968
chr1	16352079	16352697	FBXO42	SZRD1	199	0.4341194130175088	539	6.156382305632959	224	5.009397165944811	TBP/PSMB1	418	381.5	538	6.10752854920063
chr1	6612726	6615681	PHF13	KLHL21	200	0.433506114033941	148	4.189898143476741	458	6.196750403062193	A2UCOE	311	303.0	139	4.100111989012363
chr13	113490163	113491310	DCUN1D2	TMCO3	201	0.4333291311100686	34	3.5119516670898	248	5.114025634317077	SRF-UCOE	100	141.0	39	3.4762164503224957
chr3	113745590	113746769	NAA50	ATP6V1A	202	0.4318089594920291	559	6.445997227546646	128	4.4901119978628214	A2UCOE	378	343.5	549	6.186141735656091
chr20	5126556	5127440	PCNA	CDS2	203	0.4294511141460971	251	4.577176375880029	467	6.259790787217292	A2UCOE	395	359.0	262	4.5549261217782755
chr20	62937457	62938564	DIDO1	GID8	204	0.4291688542317547	27	3.4735828088352445	287	5.313714365967796	A2UCOE	119	157.0	27	3.3459268460951037
chr6	109690386	109691566	FIG4	AK9	205	0.4291609971197603	360	5.011021933188269	403	5.913262275006453	A2UCOE	418	381.5	368	4.954420422015239
chr1	36155578	36156709	MAP7D1	TRAPPC3	206	0.4285700357091702	139	4.1608840287122275	231	5.031120609504457	A2UCOE	144	185.0	104	3.950422011098939
chr5	134648481	134649304	SEC24A	SAR1B	207	0.4285506107010196	549	6.249098173318394	510	6.58463598441135	A2UCOE	552	529.5	545	6.151735530831207
chr11	47248299	47249082	NR1H3	ACP2	208	0.426759074604371	405	5.227062360322577	333	5.545381290249106	A2UCOE	409	369.0	399	5.122825176284242
chr5	55307381	55308076	DHX29	MTREX	209	0.4266439350792678	335	4.913498859699848	65	3.9793911090573766	A2UCOE	172	200.0	340	4.84977318876483
chr6	5260497	5261702	LYRM4	FARS2	210	0.4261612821766624	46	3.683089799257203	40	3.6503561022909565	A2UCOE	8	43.0	51	3.632095590075735
chr17	6640034	6641243	KIAA0753	TXNDC17	211	0.4260688685352282	143	4.17328353124761	139	4.568255376689075	A2UCOE	100	141.0	150	4.14828184170644
chr1	246565905	246566974	TFB2M	CNST	212	0.4256679479334868	257	4.607499456124331	87	4.209524395399688	A2UCOE	134	172.0	266	4.57483632498381
chr19	19320157	19321385	SUGP1	MAU2	213	0.4255584380260931	336	4.913825581143664	36	3.5918984006695616	A2UCOE	147	186.0	348	4.875039502636749
chr2	74529096	74530803	HTRA2	AUP1	214	0.425558362542983	99	4.014522578505686	143	4.5969298598507615	A2UCOE	74	121.0	113	3.9977319935853695
chr7	101217016	101218420	ZNHIT1	PLOD3	215	0.4254139977864131	368	5.020972053993402	196	4.8837126591072	A2UCOE	283	282.0	361	4.934002060986211
chr2	68157052	68158109	DNAAF10	PNO1	216	0.4253182982057822	460	5.49944340585441	180	4.791922224876645	A2UCOE	340	320.0	459	5.424373173584897
chr22	20495072	20496117	KLHL22	MED15	217	0.4251343475194949	226	4.4624472017008125	272	5.2319373989585465	SRF-UCOE	238	249.0	209	4.352046096343105
chr11	114400029	114400968	RBM7	C11orf71	218	0.4248973911237881	525	6.0243053005572635	321	5.484143217223196	A2UCOE	459	423.0	512	5.836907443798615
chr11	46700429	46701029	ARHGAP1	ZNF408	219	0.42483267698118	546	6.210815366185987	504	6.538712243360665	A2UCOE	548	525.0	551	6.205262223173044
chr10	74150842	74151722	AP3M1	ADK	220	0.4243071306894079	253	4.597938797581825	161	4.688143328305721	A2UCOE	185	207.0	270	4.5891072831627735
chr17	81683164	81684417	HGS	ARL16	221	0.4235193637656241	94	3.9918087986525257	290	5.322011099459371	A2UCOE	160	192.0	107	3.9698583739217588
chr14	89954556	89954938	EFCAB11	TDP1	222	0.4234207660850369	496	5.746147039023469	547	6.977038840780997	TBP/PSMB1	544	521.5	501	5.713858335481598
chr12	112418350	112419439	PTPN11	RPL6	223	0.4218547308186873	237	4.504389772233129	225	5.0118052554190005	A2UCOE	215	231.0	238	4.4628862671150396
chr4	1711540	1713253	SLBP	TACC3	224	0.4213868623396842	348	4.965153509549	52	3.822366652697059	A2UCOE	172	200.0	339	4.848899239844208
chr15	66386557	66387625	TIPIN	MAP2K1	225	0.4213401700756252	13	3.295104732039551	80	4.123328525266486	A2UCOE	13	46.5	17	3.2437367384399076
chr17	2303223	2304085	SRR	SMG6	226	0.4212853115167609	250	4.5714210433206945	489	6.42271475628324	A2UCOE	410	369.5	264	4.566337000334131
chr2	96265121	96266553	TMEM127	CIAO1	227	0.420868267906741	90	3.9454613998716614	173	4.763895924983527	A2UCOE	90	131.5	95	3.907804258095723
chr8	124538970	124539458	NDUFB9	TATDN1	228	0.4204549192294047	434	5.338681900629113	228	5.0205854049721985	A2UCOE	351	331.0	437	5.2978902527228895
chr11	71452868	71453634	DHCR7	NADSYN1	229	0.4196396564197468	271	4.671971838995182	357	5.637384302683978	A2UCOE	329	314.0	280	4.632940573607017
chr16	89720399	89722681	ZNF276	VPS9D1	230	0.4195817238755634	402	5.213446215571579	460	6.234717850443576	TBP/PSMB1	468	431.0	407	5.162853021267603
chr2	27663392	27664543	SLC4A1AP	SUPT7L	231	0.4189526029594818	413	5.260808991450358	318	5.473100171623752	A2UCOE	405	365.5	427	5.248959764278577
chr11	119018168	119019405	RPS25	TRAPPC4	232	0.4187714412414736	554	6.378939628455718	73	4.066781840342431	TBP/PSMB1	328	313.5	557	6.374549164050394
chr1	155562495	155563489	ASH1L	MSTO1	233	0.4184124184337663	236	4.499657774691229	373	5.751588419906262	A2UCOE	316	304.5	244	4.478886675287842
chr7	100100550	100102023	AP4M1	MCM7	234	0.4178613585270521	262	4.626052909443748	150	4.630873970784872	A2UCOE	184	206.0	273	4.605403312344807
chr11	61361749	61362407	TMEM138	CYB561A3	235	0.4167683132436623	450	5.445729436394571	301	5.365464615788219	A2UCOE	415	375.5	440	5.3333012470766095
chr3	94062804	94063389	NSUN3	DHFR2	236	0.4165575518204045	385	5.077666327414971	137	4.559753848414519	A2UCOE	254	261.0	390	5.061658762580809
chr14	49598466	49600147	LRR1	RPS29	237	0.416333024129905	195	4.377322695838264	72	4.02941314781698	A2UCOE	93	133.5	161	4.170636603156264
chr1	183635148	183636198	ARPC5	RGL1	238	0.4155096899675614	365	5.019761913235646	487	6.385701385049667	A2UCOE	462	426.0	379	5.001470388371032
chr10	110918549	110920136	BBIP1	SHOC2	239	0.4147393233626176	275	4.6869406434649585	183	4.798735924329052	A2UCOE	210	229.0	239	4.463036866450083
chr2	189783840	189784758	PMS1	ORMDL1	240	0.4138831534302106	227	4.46464368074659	198	4.8914108375021135	A2UCOE	191	212.5	232	4.440245413423019
chr13	110712371	110716183	ING1	CARS2	241	0.4136491872885474	317	4.860596743374476	164	4.726616044575026	A2UCOE	226	240.5	337	4.845110703279819
chr19	18919115	18919844	COPE	DDX49	242	0.4130707491043727	369	5.024751304441732	562	7.1855295344513825	A2UCOE	502	465.5	351	4.891570066039337
chr9	97633058	97634132	TSTD2	NCBP1	243	0.4130157894292779	427	5.308613874109277	235	5.04943593230287	A2UCOE	351	331.0	414	5.194208215982832
chr1	145823593	145824433	POLR3C	RNF115	244	0.412489020848332	22	3.4280056372813266	31	3.495834607526996	A2UCOE	5	26.5	32	3.3967167039691577
chr20	17968112	17969365	SNX5	MGME1	245	0.4108052233804165	429	5.313974072942414	12	2.898509304431658	A2UCOE	202	220.5	418	5.210616532278097
chr13	49443985	49444602	CAB39L	SETDB2	246	0.4106679557866887	305	4.801268810083881	486	6.376065682208672	A2UCOE	433	395.5	324	4.799216866491764
chr8	123041817	123042493	TBC1D31	DERL1	247	0.4104235375707449	54	3.7365602606615878	451	6.136198237484966	A2UCOE	245	252.5	64	3.699404693608527
chr10	125822760	125823628	UROS	BCCIP	248	0.4102198329672174	255	4.601345536846101	111	4.4133866027047475	A2UCOE	143	183.0	235	4.448495176947119
chr2	130341896	130343290	CCDC115	IMP4	249	0.409401836018532	386	5.077914881795316	375	5.757215657132502	A2UCOE	417	380.5	393	5.068662050540223
chr2	23926386	23927484	ATAD2B	UBXN2A	250	0.4092668769817007	318	4.863156518671477	213	4.969804838619221	A2UCOE	264	265.5	306	4.734063307427149
chr9	33263783	33265120	BAG1	CHMP5	251	0.4081868137880097	141	4.1717145640943185	35	3.537255630262465	A2UCOE	44	88.0	156	4.158061504200571
chr19	8321157	8322088	RPS28	NDUFA7	252	0.4078992527334454	537	6.1338075350951895	312	5.437982444787166	A2UCOE	460	424.5	537	6.060960067371997
chr1	165827416	165828446	UCK2	TMCO1	253	0.4076702541243042	81	3.873196401964862	69	4.011932388625393	A2UCOE	35	75.0	70	3.7561136868368576
chr14	49620237	49621543	RPL36AL	MGAT2	254	0.40756781698605	261	4.620726104402753	54	3.845381273730369	A2UCOE	121	157.5	272	4.603391776406898
chr6	41921130	41921825	MED20	BYSL	255	0.407145521421748	445	5.413155296713273	195	4.870676363184459	A2UCOE	340	320.0	454	5.399659240109727
chr8	38996181	38997597	ADAM9	TM2D2	256	0.4070728964861599	147	4.186547331495489	7	2.771933088030462	A2UCOE	38	77.0	147	4.124824354599128
chr9	132669656	132671075	GTF3C4	DDX31	257	0.4070395219893668	441	5.405505429637802	325	5.507286410588614	A2UCOE	421	383.0	447	5.369122234264469
chr9	122264536	122264971	MRRF	RBM18	258	0.406811294019141	304	4.79792064934959	295	5.330111644907806	A2UCOE	305	299.5	300	4.7182557489907655
chr5	176388287	176389447	HIGD2A	NOP16	259	0.4063864281438729	403	5.224210858424003	261	5.171865650105598	A2UCOE	356	332.0	413	5.1927568003357765
chr1	160343138	160343566	NCSTN	COPA	260	0.4063228567273268	324	4.88004344158985	304	5.376444549909639	A2UCOE	329	314.0	310	4.7631613857970265
chr1	111448682	111449580	ATP5PB	WDR77	261	0.4061205137850752	190	4.36672480023551	346	5.594533369669859	A2UCOE	268	268.0	207	4.346463192949521
chr3	112561175	112562103	SLC35A5	ATG3	262	0.4060321903752399	268	4.664509132874474	282	5.295033059900655	A2UCOE	275	275.0	274	4.6082380893373145
chr11	118572301	118572970	ARCN1	IFT46	263	0.4058828761129764	486	5.673590194246951	430	6.01470774611204	A2UCOE	492	458.0	489	5.620164008854988
chr5	83077283	83077863	XRCC4	TMEM167A	264	0.4058284041682858	292	4.7530004310619365	440	6.069001612748987	A2UCOE	407	366.0	305	4.729279733297472
chr12	49188313	49189098	TUBA1C	TUBA1A	265	0.4056865480234521	358	4.993489779684732	334	5.546035492120721	A2UCOE	380	346.0	350	4.882633467141542
chr16	28845883	28846818	TUFM	SH2B1	266	0.4054643486280916	97	4.009284733829246	152	4.632063312184779	A2UCOE	77	124.5	81	3.8082231780748743
chr14	74492977	74494204	ISCA2	NPC2	267	0.4046203724315766	127	4.120931312881729	316	5.470656544584084	A2UCOE	204	221.5	136	4.0910901270108875
chr4	56976468	56977727	NOA1	POLR2B	268	0.4046182353450354	314	4.846205459546583	194	4.862285401617765	A2UCOE	246	254.0	329	4.818706277916288
chr11	65615353	65616386	MAP3K11	PCNX3	269	0.4043944037946214	481	5.640466615303737	546	6.943070461519782	A2UCOE	536	513.5	491	5.632577507539205
chr10	113854383	113855297	DCLRE1A	NHLRC2	270	0.4043220313889807	444	5.411032928601684	121	4.454309163013201	A2UCOE	284	282.5	457	5.4094676017973775
chr19	41397209	41397807	EXOSC5	BCKDHA	271	0.4040044337213589	576	6.954559293766964	586	7.89094821916182	A2UCOE	583	581.0	575	6.91206576834218
chr19	19033115	19034023	ARMC6	SUGP2	272	0.4039515756369218	108	4.059139474357135	421	5.977423139257295	A2UCOE	261	264.5	99	3.942393169203445
chr4	82900535	82901166	THAP9	SEC31A	273	0.4036953756147988	454	5.49181355200822	537	6.842594530138888	SRF-UCOE	531	495.5	460	5.426513347145139
chr10	12195833	12196378	NUDT5	CDC123	274	0.4030546895309485	150	4.19299377713065	56	3.8593498104359107	A2UCOE	58	103.0	162	4.172964219227766
chr7	99504531	99505345	ZKSCAN5	ZNF394	275	0.4029450357502372	332	4.908598582652383	342	5.573316002888903	A2UCOE	367	337.0	353	4.903158775774958
chr7	56051352	56052270	PSPH	CCT6A	276	0.4028661881783001	89	3.9358888713995768	51	3.808305527155906	A2UCOE	30	70.0	92	3.8702570994716026
chr1	32650903	32651762	ZBTB8OS	RBBP4	277	0.4028371835061648	383	5.062722706500713	344	5.585457653660855	A2UCOE	402	363.5	381	5.010441144058381
chr9	83979411	83981227	HNRNPK	RMI1	278	0.4027199326013644	550	6.252400898528567	83	4.1786055062164165	A2UCOE	335	316.5	550	6.187027720544806
chr9	99221437	99222679	ALG2	SEC61B	279	0.402673195249292	467	5.532088066120419	63	3.968378020531062	A2UCOE	262	265.0	474	5.501745581614657
chr3	196941824	196943183	NCBP2	NCBP2AS2	280	0.4024037336335722	188	4.3486510207212925	32	3.5122153420586764	A2UCOE	64	110.0	183	4.257073369191875
chr16	4846605	4848242	UBN1	GLYR1	281	0.4023969584740706	112	4.065499893501869	233	5.036372642046904	A2UCOE	136	172.5	128	4.047428880592093
chr5	140691219	140691743	HARS2	HARS1	282	0.4023915724426601	211	4.4116973176442595	256	5.145252940229071	A2UCOE	219	233.5	216	4.377688357069492
chr15	64093676	64094123	CIAO2A	SNX1	283	0.4018664410270279	492	5.710743680580433	483	6.355721418075926	A2UCOE	521	487.5	494	5.667627722508392
chr3	16264629	16265479	DPH3	OXNAD1	284	0.4010093739402021	160	4.227953728071631	267	5.21252096871308	A2UCOE	193	213.5	175	4.219692595623418
chr2	74482037	74483408	TTC31	CCDC142	285	0.4010043777697251	177	4.3039716728615085	327	5.521224107632288	A2UCOE	243	252.0	190	4.285745239167043
chr17	8247617	8248202	PFAS	CTC1	286	0.400813402468769	258	4.609823051001119	358	5.640372741484211	A2UCOE	321	308.0	237	4.456903693598227
chr5	10249648	10250888	ATPSCKMT	CCT5	287	0.4006332200383103	469	5.541433709355574	119	4.4475978978788335	A2UCOE	298	294.0	473	5.49864576836462
chr9	133347575	133348905	MED22	RPL7A	288	0.400517209503337	547	6.214609348998302	289	5.321867202317948	A2UCOE	451	418.0	542	6.141073343405408
chr13	39037551	39038793	PROSER1	NHLRC3	289	0.4000526662089425	340	4.931791099956549	171	4.756640028557147	A2UCOE	250	255.5	357	4.919689289462383
chr1	19251390	19252214	EMC1	MRTO4	290	0.3996734950459086	163	4.251760096054278	214	4.971928039028923	A2UCOE	153	188.5	172	4.203308400331589
chr19	43595981	43596688	IRGQ	ZNF576	291	0.3995553892341533	584	7.260996350810213	579	7.6401223780791065	A2UCOE	584	581.5	584	7.213477567408408
chr22	37848867	37849674	EIF3L	ANKRD54	292	0.3991832189125925	345	4.95674703262468	258	5.147565813556779	A2UCOE	308	301.5	299	4.716764528659244
chr19	54115272	54115787	PRPF31	TFPT	293	0.3990044024498172	449	5.44125947499372	402	5.90652168451383	A2UCOE	461	425.5	461	5.4356122256750465
chr2	73232957	73234739	PRADC1	CCT7	294	0.3986313096582599	111	4.0632800431040765	127	4.484748092230434	A2UCOE	69	119.0	126	4.043128226647309
chr14	77457527	77458253	AHSA1	VIPAS39	295	0.3984479619911917	412	5.2522585793966785	254	5.132532429198818	A2UCOE	360	333.0	423	5.235527070892651
chr14	102139260	102140640	WDR20	HSP90AA1	296	0.398286585305864	325	4.8806613408314625	263	5.185833597407632	A2UCOE	298	294.0	344	4.86840413740128
chr1	156728319	156729124	METTL25B	ISG20L2	297	0.3982265809322239	489	5.691168718560989	561	7.183956345770876	A2UCOE	548	525.0	492	5.649854669024128
chr11	73876628	73877057	PAAF1	COA4	298	0.3981264029645087	104	4.0503720296463515	477	6.315260370682257	SRF-UCOE	291	290.5	112	3.9947159752279857
chr7	6008765	6009624	PMS2	AIMP2	299	0.3979679180260618	31	3.506194627165337	105	4.356894291092603	A2UCOE	26	68.0	23	3.3274305232317754
chr6	43575387	43576339	XPO5	POLH	300	0.3978345161388369	71	3.8381014164358915	392	5.832883444365655	A2UCOE	216	231.5	83	3.817889251043798
chr9	137188013	137189401	ANAPC2	SSNA1	301	0.3970353425217556	101	4.038459158476065	236	5.056680396730093	A2UCOE	129	168.5	118	4.019331307227391
chr1	31296399	31297131	SNRNP40	ZCCHC17	302	0.3970025646183809	48	3.694939378423314	102	4.348272317802514	A2UCOE	35	75.0	52	3.6391268630170015
chr1	42816903	42817419	ERMAP	SVBP	303	0.3969268782156796	184	4.331220525240923	472	6.269356162418162	SRF-UCOE	348	328.0	173	4.207801860428599
chr10	7787625	7788554	KIN	ATP5F1C	304	0.3967320852468529	207	4.402174970218758	247	5.112932195133802	A2UCOE	209	227.0	218	4.379651171195885
chr20	38033432	38034093	TTI1	RPRD1B	305	0.3967083588636722	487	5.680275537874667	453	6.140572169348789	A2UCOE	509	470.0	484	5.599939863260218
chr15	40807045	40807680	ZFYVE19	DNAJC17	306	0.3962926100607568	505	5.853086552263137	577	7.564972371013716	A2UCOE	562	541.0	511	5.836205820525762
chr9	71910595	71911763	ABHD17B	C9orf85	307	0.3959537083368591	32	3.511265487096283	285	5.309631239606742	A2UCOE	122	158.5	34	3.425422251293985
chr11	77820140	77821216	RSF1	AAMDC	308	0.3958969283450502	196	4.379003790867865	262	5.172709246860996	A2UCOE	210	229.0	213	4.365150364510301
chr19	39390692	39391524	PAF1	MED29	309	0.3955171395695618	326	4.883980542592817	288	5.315063953737383	A2UCOE	320	307.0	342	4.863387991184831
chr12	26938225	26938924	INTS13	FGFR1OP2	310	0.3953824282585818	187	4.3475958905182015	227	5.014434881460916	A2UCOE	185	207.0	202	4.319604585201712
chr1	154973761	154975010	SHC1	CKS1B	311	0.3951671622939555	472	5.566125522511759	389	5.809468823425435	A2UCOE	467	430.5	451	5.389647075692153
chr19	42220038	42220513	DEDD2	ZNF526	312	0.3951541958135246	556	6.3915659395964814	523	6.707619461791689	SRF-UCOE	559	539.5	559	6.381592781450151
chr22	50507430	50508581	LMF2	NCAPH2	313	0.3949964117455925	274	4.684931697530214	390	5.824754480539702	SRF-UCOE	356	332.0	286	4.663646549559925
chr19	39435584	39436223	RPS16	SUPT5H	314	0.3949039816234689	248	4.562871546233458	268	5.2166040457710094	A2UCOE	252	258.0	256	4.523787546186129
chr11	17207464	17208286	PIK3C2A	NUCB2	315	0.3947969843855778	224	4.448734692373995	95	4.30538901261186	A2UCOE	123	159.5	228	4.42424207422181
chr6	24666310	24667167	TDP2	ACOT13	316	0.3947546958788677	140	4.163116256508052	186	4.81516719943148	A2UCOE	126	163.0	157	4.16078920312197
chr4	39458467	39459191	RPL9	LIAS	317	0.3942476476676695	315	4.849399448486962	90	4.2424952983415976	A2UCOE	179	202.5	327	4.804785412139694
chr9	33025084	33025799	APTX	DNAJA1	318	0.3941996911884823	265	4.65818502032508	365	5.7058816750475065	A2UCOE	331	315.0	267	4.580730638495392
chr11	8910951	8911747	DENND2B	AKIP1	319	0.3938088511832605	35	3.5165979293947935	99	4.334388013467838	A2UCOE	25	67.0	43	3.5089649248736383
chr12	53180241	53181366	ZNF740	CSAD	320	0.3937065975785992	21	3.425792409651866	156	4.646082737584712	A2UCOE	47	88.5	22	3.312610973665352
chr10	92290666	92291655	CPEB3	MARCHF5	321	0.3936681273136122	100	4.027054188369173	122	4.4585051007658105	A2UCOE	66	111.0	93	3.89824836251643
chr11	72080336	72080914	LRRC51	NUMA1	322	0.3934092433461448	582	7.198220985156347	590	8.349704347461966	SRF-UCOE	587	586.0	582	7.179083608792852
chr3	14124217	14125499	CHCHD4	TMEM43	323	0.3934031816906889	125	4.115170107594302	71	4.0206720611422755	A2UCOE	53	98.0	140	4.100347493438969
chr9	100098493	100099395	ERP44	INVS	324	0.39329211984557	234	4.488762591218094	124	4.466996577742994	A2UCOE	140	179.0	240	4.466117428345144
chr19	6737228	6737924	GPR108	TRIP10	325	0.393270385912202	594	8.800106748077827	591	8.358771798691636	SRF-UCOE	595	592.5	594	8.761085464812716
chr9	26946849	26947580	IFT74	PLAA	326	0.3931579374838262	396	5.169234769149256	305	5.385226950471717	A2UCOE	387	350.5	380	5.009051678663744
chr4	56435174	56436504	PPAT	PAICS	327	0.3928975228926269	24	3.464641555588998	57	3.859921144347013	A2UCOE	6	40.5	30	3.379171932720388
chr6	42050357	42050866	CCND3	TAF8	328	0.3922769571212462	109	4.060660622150034	271	5.223659415123736	A2UCOE	159	190.0	102	3.948987961831857
chr17	3636024	3637190	SHPK	CTNS	329	0.3922759364274898	181	4.328351427537816	495	6.483736871516655	SRF-UCOE	368	338.0	203	4.322965518259821
chr14	103561971	103563334	BAG5	COA8	330	0.3920301184561269	284	4.725171124783709	244	5.092245523556103	A2UCOE	260	264.0	301	4.720356736519731
chr9	124861278	124862207	RPL35	ARPC5L	331	0.391932517561287	471	5.562923029390474	393	5.839799598573834	A2UCOE	470	432.0	472	5.4938077996510115
chr2	61888310	61888855	CCT4	COMMD1	332	0.3918870937202612	322	4.870482932230179	68	4.000738366341998	A2UCOE	165	195.0	322	4.794956014409916
chr13	41060036	41061984	ELF1	WBP4	333	0.3914630064377544	185	4.340895330521881	4	2.07111075701621	A2UCOE	50	94.5	200	4.312161751412851
chr9	128322262	128323192	TRUB2	COQ4	334	0.3912756992123334	124	4.114660717432435	280	5.28570967018421	A2UCOE	177	202.0	144	4.113321916639215
chr17	81238616	81239971	TEPSIN	NDUFAF8	335	0.3910502143539505	36	3.516828536772946	82	4.1646725052372275	A2UCOE	19	59.0	40	3.486555731534397
chr2	98608181	98608859	COA5	UNC50	336	0.3909861829244215	488	5.687692625143335	234	5.040328403914264	A2UCOE	399	361.0	486	5.615093348367313
chr2	37231255	37232056	CEBPZ	NDUFAF7	337	0.3906267558565508	82	3.889256152337667	43	3.678469555288113	A2UCOE	20	62.5	91	3.8604806797760767
chr4	83455513	83456084	HELQ	MRPS18C	338	0.3902186694028864	235	4.495745446969888	106	4.370755586781079	A2UCOE	132	170.5	245	4.48087766938558
chr16	27549688	27550239	GTF3C1	KATNIP	339	0.3900269695848837	553	6.371380512301766	538	6.860084202385206	SRF-UCOE	563	545.5	553	6.306919353742129
chr16	14632659	14633509	PARN	BFAR	340	0.3899704379974277	351	4.976195065444662	153	4.635465310765892	A2UCOE	243	252.0	356	4.917411550410928
chr13	72781565	72782474	DIS3	PIBF1	341	0.3897495519036106	6	3.148520523035961	131	4.505309056752284	A2UCOE	27	68.5	5	2.9076567734880596
chr10	18659184	18659782	NSUN6	ARL5B	342	0.3895448152893225	349	4.972376920899991	259	5.154069361434084	A2UCOE	313	304.0	355	4.911987747136082
chr17	781910	782748	GLOD4	MRM3	343	0.3894851985719584	564	6.586698299692255	340	5.569108397500598	A2UCOE	486	452.0	567	6.547951612371114
chr8	55772933	55773648	TMEM68	TGS1	344	0.3894544293755962	273	4.683459895083504	92	4.2818428176133	A2UCOE	142	182.5	290	4.6820566062391675
chr14	92121205	92122678	NDUFB1	CPSF2	345	0.389440708348203	511	5.883931343350335	169	4.736911247806062	A2UCOE	370	340.0	514	5.852513729535015
chr2	27369978	27371232	EIF2B4	SNX17	346	0.3893812719639633	350	4.9737882718265825	409	5.942238085481237	A2UCOE	416	379.5	366	4.946642502152139
chr6	43629053	43629953	GTPBP2	MAD2L1BP	347	0.3893668629615276	447	5.4218593767005006	449	6.128739922262616	A2UCOE	484	448.0	422	5.2315288992489215
chr7	2353993	2355539	EIF3B	SNX8	348	0.3888239120239321	567	6.725218065823074	162	4.69359424989491	A2UCOE	403	364.5	568	6.62644303743282
chr19	7629209	7629787	XAB2	PET100	349	0.3885548095277882	425	5.303598416862787	540	6.896474392192144	A2UCOE	517	482.5	425	5.247551666770193
chr7	108569340	108570462	THAP5	DNAJB9	350	0.3884757015984435	277	4.695029119252127	208	4.945558955355903	A2UCOE	228	242.5	275	4.616641239817364
chr1	26900001	26900518	NUDC	GPATCH3	351	0.3882537614645073	475	5.610127557175397	309	5.413852076295214	A2UCOE	431	392.0	476	5.550041546503167
chr2	86105536	86106527	POLR1A	PTCD3	352	0.3882247455433195	171	4.2913640824512145	114	4.435245366698579	A2UCOE	103	142.5	186	4.269896884487477
chr17	15999186	16000374	ZSWIM7	TTC19	353	0.3880133634173568	10	3.1971021805046336	38	3.598411441601653	A2UCOE	3	24.0	12	3.1615692271210545
chr12	112013101	112014052	TMEM116	ERP29	354	0.387710601999237	66	3.805447552326945	145	4.601143787772047	A2UCOE	59	105.5	74	3.765830575248268
chr13	48037510	48038132	NUDT15	SUCLA2	355	0.3871719367727227	289	4.748692919598074	308	5.413271895226021	A2UCOE	304	298.5	287	4.668204425733477
chr12	121399577	121400593	ANAPC5	RNF34	356	0.3867909620138927	85	3.919565895951561	349	5.602809223467946	A2UCOE	196	217.0	96	3.9096176969513614
chr1	15526534	15527168	CASP9	DNAJC16	357	0.3866383248615713	391	5.1218031616948645	557	7.122291889542963	SRF-UCOE	511	474.0	397	5.1067605068363235
chr18	62186744	62188019	PIGN	RELCH	358	0.3866235905706538	168	4.271481184314183	210	4.955150012183886	A2UCOE	155	189.0	159	4.164797376742929
chr4	129093194	129093744	C4orf33	SCLT1	359	0.3864555782037177	135	4.153645548844852	455	6.154847898208549	A2UCOE	301	295.0	137	4.096287050183384
chr12	111685442	111686255	BRAP	ACAD10	360	0.3862609201617493	79	3.8649504238306593	97	4.309993513468756	A2UCOE	44	88.0	69	3.7512577693501297
chr12	55817541	55818040	SARNP	ORMDL2	361	0.3860293322287083	532	6.087393264117064	581	7.704312637570218	SRF-UCOE	570	556.5	529	5.996361572697226
chr5	73565134	73565785	UTP15	ANKRA2	362	0.3855547952863842	495	5.738105462518409	384	5.793004186859179	A2UCOE	476	439.5	498	5.687838372144407
chr17	75978890	75979650	ACOX1	TEN1	363	0.3855476561663784	26	3.4715736258190315	123	4.45922862392728	A2UCOE	33	74.5	36	3.4307393607054495
chr19	38930423	38930975	SARS2	MRPS12	364	0.3855475313523477	574	6.942192222769185	576	7.550568545280487	A2UCOE	581	575.0	576	6.916659153307341
chr9	127450864	127452056	RPL12	LRSAM1	365	0.3852358453286671	453	5.474103137662541	241	5.072503250971324	A2UCOE	382	347.0	462	5.442068755842795
chr14	23094769	23095614	C14orf119	ACIN1	366	0.3849966892587028	417	5.281467684738973	359	5.643384355046296	A2UCOE	427	388.0	412	5.188701883768537
chr9	113275269	113275949	CDC26	PRPF4	367	0.3848427335978156	388	5.094825271602611	138	4.56561859477058	A2UCOE	257	263.0	384	5.034982420448278
chr14	69397996	69398356	SLC39A9	ERH	368	0.3842923626388098	352	4.978299368304737	478	6.329744140123391	A2UCOE	449	415.0	360	4.9309430646564065
chr11	18322078	18322917	HPS5	GTF2H1	369	0.3842562475966414	121	4.103986367383337	203	4.915335496774707	A2UCOE	125	162.0	116	4.011692723606018
chr19	19192045	19192813	RFXANK	BORCS8	370	0.3839052245096779	452	5.466731423274019	367	5.718807428947881	A2UCOE	442	409.5	453	5.398300860885421
chr22	41620771	41621780	DESI1	XRCC6	371	0.383333743524249	357	4.988884628641786	450	6.132532873065623	A2UCOE	436	403.5	373	4.973649849052241
chr8	38175890	38177125	BAG4	LSM1	372	0.383039692603845	400	5.200933094874799	281	5.293227763108407	A2UCOE	371	340.5	410	5.185747843809146
chr14	24299414	24300158	DHRS1	NOP9	373	0.3830335028465114	242	4.531213650297364	476	6.313958026170353	A2UCOE	395	359.0	248	4.496654433756179
chr20	35698899	35699779	ROMO1	NFS1	374	0.3829269014529215	512	5.888865551261047	555	7.116599094768705	A2UCOE	556	533.5	520	5.877190284678221
chr19	50024919	50026229	ZNF473	VRK3	375	0.3827021560398464	513	5.889897001090871	434	6.0436629824935855	A2UCOE	510	473.5	519	5.870174528686181
chr2	85602143	85603196	USP39	TMEM150A	376	0.3823409939677326	418	5.286902197180637	509	6.56839016033731	A2UCOE	499	463.5	428	5.252376319037115
chr22	29766847	29767368	ZMAT5	UQCR10	377	0.3822572666014228	458	5.497232505174536	568	7.318584541200075	SRF-UCOE	535	513.0	432	5.280438696731876
chr1	45010553	45011350	UROD	HECTD3	378	0.3818640484352733	247	4.547421966052149	498	6.515806579444132	SRF-UCOE	413	372.5	252	4.512667972500386
chr2	9422997	9424153	ITGB1BP1	CPSF3	379	0.3815897134058459	218	4.42883357857942	278	5.281510171178406	A2UCOE	237	248.0	222	4.387155976129577
chr3	48440004	48440756	TMA7	CCDC51	380	0.3815701517137986	115	4.089913428094551	264	5.193185073981464	A2UCOE	158	189.5	123	4.033258468325834
chr3	14178215	14178908	XPC	LSM3	381	0.3811830884495236	176	4.302442882295812	277	5.258817866157104	A2UCOE	208	226.5	189	4.278616758077464
chr7	99408161	99409236	PDAP1	BUD31	382	0.3811804265781955	244	4.536978868989441	34	3.533905234748723	A2UCOE	97	139.0	254	4.5147207124333235
chr12	54279538	54281204	CBX5	HNRNPA1	383	0.3809254602016467	516	5.919155063839992	406	5.932755048556069	A2UCOE	495	461.0	508	5.799156734238083
chr10	103396063	103396727	ATP5MK	PDCD11	384	0.3805097098244557	134	4.149356917123815	276	5.25735226044317	A2UCOE	181	205.0	143	4.1124306183929855
chr14	67359422	67360809	ATP6V1D	EIF2S1	385	0.380065241112662	59	3.766877954462264	48	3.786929569087357	A2UCOE	16	53.5	58	3.6749485657113063
chr8	42896069	42897989	HOOK3	RNF170	386	0.3799087424909153	53	3.733592041631706	96	4.308211235361237	A2UCOE	33	74.5	55	3.663048143079356
chr5	177303030	177304129	RAB24	PRELID1	387	0.3797911642059973	11	3.245545200573876	229	5.029645989325469	A2UCOE	71	120.0	13	3.20209320756197
chr7	99558248	99559346	ZNF655	FAM200A	388	0.3796237209503511	520	5.998617523115345	294	5.328796356672743	A2UCOE	439	407.0	523	5.953848358992505
chr6	112087203	112087707	TUBE1	FAM229B	389	0.3795229572264197	28	3.4757815869304096	360	5.651903788856956	A2UCOE	164	194.0	38	3.4709895017611254
chr5	74766741	74767400	NSA2	GFM2	390	0.3792598092445196	389	5.0954795253900365	332	5.541260111141097	A2UCOE	398	360.5	395	5.077098142393896
chr16	3400716	3401667	ZSCAN32	ZNF174	391	0.3792143702851616	282	4.722688011636649	414	5.95368430197359	A2UCOE	385	348.0	289	4.67353611517518
chr16	4425428	4426329	CORO7	DNAJA3	392	0.3789401292723352	407	5.240634838882818	286	5.312868761982398	A2UCOE	381	346.5	419	5.2167252317296136
chr2	201071301	201071671	NDUFB3	HYCC2	393	0.3787508164241726	555	6.381723318980329	526	6.740113545758596	A2UCOE	561	540.5	555	6.3255068547343045
chr12	388932	389371	CCDC77	KDM5A	394	0.3786836298821004	443	5.410105930286647	178	4.787822152173086	A2UCOE	325	310.5	452	5.391097024884106
chr2	53970511	53971353	ACYP2	PSME4	395	0.3785683584954527	87	3.933381088603606	283	5.2960481015202925	A2UCOE	144	185.0	73	3.765572382967845
chr11	65918816	65920083	C11orf68	DRAP1	396	0.3784315667208227	334	4.912653520466397	385	5.800279830838566	A2UCOE	397	359.5	349	4.880746542221232
chr1	117929217	117930097	GDAP2	WDR3	397	0.3784042625573482	113	4.075879790956683	148	4.617260433633473	A2UCOE	87	130.5	110	3.9925471121026916
chr17	28357139	28357852	POLDIP2	TMEM199	398	0.3781062514722553	232	4.482325496145527	361	5.663263608647703	A2UCOE	303	296.5	230	4.4335159890343965
chr2	241686546	241687305	DTYMK	ING5	399	0.3780395524736024	70	3.8343131098151892	331	5.541016061774778	A2UCOE	174	200.5	62	3.683303051772018
chr17	28661703	28662373	SDF2	SUPT6H	400	0.3777796814249596	406	5.234127106542934	133	4.5157007201979225	A2UCOE	269	269.5	420	5.21873335374421
chr1	19311713	19312815	AKR7A2	SLC66A1	401	0.3777624571243273	17	3.3586929295052443	329	5.530439195289247	A2UCOE	137	173.0	16	3.2220754889213605
chr8	27310688	27311565	TRIM35	PTK2B	402	0.3772840088440213	110	4.062749540545306	482	6.351784628385352	SRF-UCOE	302	296.0	131	4.059908433248834
chr3	119468830	119469461	TMEM39A	POGLUT1	403	0.3772230726173335	2	2.975686871907008	291	5.3226011083918845	A2UCOE	107	146.5	3	2.846701781750265
chr2	206159186	206160257	NDUFS1	EEF1B2	404	0.3771723458959297	95	3.995690210086833	42	3.675164892088175	A2UCOE	27	68.5	106	3.9562741566539534
chr8	108443371	108444034	EIF3E	EMC2	405	0.3764022558407279	301	4.788511142500382	255	5.142936112663403	A2UCOE	279	278.0	298	4.7144279966960445
chr1	186374992	186375837	TPR	ODR4	406	0.3758969886172154	281	4.722524216041506	469	6.261651947243031	A2UCOE	414	375.0	278	4.625161444551876
chr7	102464676	102465335	ALKBH4	LRWD1	407	0.3756704950914347	215	4.423590526752321	448	6.124832937575977	A2UCOE	355	331.5	210	4.354140395415217
chr11	126268464	126269271	FOXRED1	SRPRA	408	0.3754017124083011	129	4.132903351238785	292	5.325591703325541	A2UCOE	188	210.5	115	4.0080310616047985
chr11	842293	843396	POLR2L	TSPAN4	409	0.3750825138082914	189	4.3583489884107625	419	5.965053542610243	A2UCOE	313	304.0	199	4.307738327084637
chr15	42490761	42491232	ZNF106	SNAP23	410	0.3750622751338373	44	3.664962041881906	46	3.772316550887583	A2UCOE	10	45.0	54	3.6550626740887835
chr9	101398571	101399246	MRPL50	ZNF189	411	0.3750263907272098	221	4.438710058466808	490	6.441008922349621	A2UCOE	392	355.5	215	4.370983681844776
chr14	20454581	20455864	OSGEP	APEX1	412	0.3749829780684763	347	4.958958615384418	112	4.414630426522993	A2UCOE	212	229.5	347	4.872067404863187
chr18	80033336	80034761	TXNL4A	RBFA	413	0.3748494668906962	151	4.200256325648323	435	6.04744528176773	A2UCOE	294	293.0	168	4.186824021475517
chr22	24554830	24556106	GUCD1	SNRPD3	414	0.3746456137837821	233	4.487213675631257	101	4.3442243167236905	A2UCOE	128	167.0	243	4.476531890004974
chr14	59483742	59484809	L3HYPDH	JKAMP	415	0.3745769308602642	154	4.203474553942804	167	4.7309106621995936	A2UCOE	124	160.5	165	4.179868795658063
chr21	37072560	37074197	PIGP	TTC3	416	0.3743520234170385	542	6.174683629791084	573	7.46851485072647	A2UCOE	573	557.5	547	6.170422037981605
chr1	46301753	46303697	LRRC41	UQCRH	417	0.3742875692822479	504	5.844112309664766	181	4.7955407560625884	A2UCOE	376	342.5	505	5.775794798374674
chr7	76047723	76048449	STYXL1	MDH2	418	0.3740269372165072	295	4.778990160376914	104	4.351207402130833	A2UCOE	171	199.5	297	4.713866344221309
chr1	54052928	54053626	TMEM59	TCEANC2	419	0.3732666214038634	40	3.5651070929402704	337	5.553851238165258	A2UCOE	153	188.5	24	3.3311428825214637
chr18	13725980	13727371	RNMT	FAM210A	420	0.3730389398425642	228	4.466579566449638	28	3.451031920742466	A2UCOE	82	128.0	236	4.452042931630864
chr4	15681354	15681978	FAM200B	FBXL5	421	0.3726818208419429	343	4.944718851687279	431	6.025981619474925	A2UCOE	424	387.0	358	4.923441876960957
chr7	73682796	73683850	DNAJC30	BUD23	422	0.3726145495682701	330	4.900392564238441	217	4.980012704217601	A2UCOE	274	273.5	345	4.869083216905897
chr4	183658768	183659491	RWDD4	TRAPPC11	423	0.3725788214372563	12	3.269931087368876	75	4.08053025011468	A2UCOE	9	43.5	9	3.130376568398657
chr10	97445719	97446517	EXOSC1	ZDHHC16	424	0.3725097049315052	581	7.197388730014348	592	8.530233734218237	A2UCOE	588	586.5	583	7.190413815570677
chr4	75724354	75725273	USO1	G3BP2	425	0.3724597352572987	240	4.5270935313192835	189	4.839714842681986	A2UCOE	194	214.5	247	4.494984670749625
chr13	108218154	108218980	LIG4	ABHD13	426	0.372386057133972	7	3.166757602652886	41	3.6689837600210846	A2UCOE	3	24.0	8	3.127204402431616
chr13	30617374	30618052	HMGB1	USPL1	427	0.3722857286496309	411	5.251870563307129	522	6.705738161797671	A2UCOE	504	466.5	417	5.205462326426821
chr21	42879001	42879698	WDR4	NDUFV3	428	0.3721360370196815	118	4.101881044301033	136	4.559278436999022	A2UCOE	80	127.0	127	4.045748518094057
chr16	3023877	3024442	THOC6	HCFC1R1	429	0.3718226926143742	395	5.16763337414199	528	6.741644217205915	A2UCOE	496	461.5	391	5.061971933919513
chr9	113221139	113221778	FKBP15	SLC31A1	430	0.3714033851622095	239	4.5187392219158315	274	5.241426069844095	A2UCOE	251	256.5	251	4.504616148691907
chr10	123008242	123009381	IKZF5	ACADSB	431	0.3713763627758549	294	4.7658028139979205	293	5.328334396569917	A2UCOE	296	293.5	304	4.725200637866108
chr2	37083929	37084750	HEATR5B	GPATCH11	432	0.3712499977180153	183	4.33068509939733	383	5.788739096934988	A2UCOE	285	283.0	204	4.323544319484853
chr22	49918120	49918651	CRELD2	ALG12	433	0.3707084150452751	571	6.871566609525551	554	7.1035667213683915	SRF-UCOE	575	562.5	570	6.792693326066811
chr11	61792435	61793077	TMEM258	FEN1	434	0.3704475680025695	569	6.866185256647385	413	5.9534618823132535	A2UCOE	524	491.0	572	6.8469175090993035
chr8	17246555	17247354	CNOT7	VPS37A	435	0.3703825129034483	220	4.435186855843674	411	5.94967979160463	A2UCOE	334	315.5	226	4.408961085628138
chr16	70523186	70523790	COG4	SF3B3	436	0.369985340212518	266	4.661717453224996	338	5.567130748087769	A2UCOE	310	302.0	268	4.586104474315431
chr15	42548264	42548918	LRRC57	HAUS2	437	0.3698863362204005	420	5.2957238650183385	363	5.695515287096644	A2UCOE	430	391.5	435	5.2890674689831645
chr9	108933790	108934676	ELP1	ABITRAM	438	0.3697340197702645	158	4.221163876329298	249	5.116674514591517	A2UCOE	180	203.5	170	4.200819809566815
chr20	32207479	32208038	PLAGL2	POFUT1	439	0.3695626752825605	573	6.904460874859424	506	6.557478052909687	TBP/PSMB1	559	539.5	571	6.816946067026791
chr5	31532003	31532430	DROSHA	C5orf22	440	0.369492287513751	523	6.012386161429709	574	7.493931674065447	SRF-UCOE	566	548.5	522	5.899263541134907
chr11	65121664	65122459	FAU	MRPL49	441	0.3694546800240139	527	6.0412703113880735	336	5.552950039336346	A2UCOE	469	431.5	533	6.035499430582914
chr17	3667930	3669324	TAX1BP3	EMC6	442	0.3694376625851986	157	4.205485926091429	307	5.410878819095172	A2UCOE	218	232.0	154	4.154616781143946
chr15	88467213	88468001	MRPL46	MRPS11	443	0.3692548130908341	308	4.816582594065885	192	4.855951822783678	A2UCOE	240	250.0	320	4.792245387690298
chr15	49620788	49621285	FAM227B	DTWD1	444	0.3689890768771586	503	5.8060055604112835	553	7.088002813775121	A2UCOE	551	528.0	503	5.717938310629302
chr18	36828595	36829326	KIAA1328	TPGS2	445	0.3689227630024274	461	5.500750759333821	527	6.740835195053338	A2UCOE	528	494.0	469	5.487150379788457
chr14	50311962	50312826	L2HGDH	DMAC2L	446	0.3688856488792087	283	4.724205703742675	423	5.987472310736314	A2UCOE	390	353.0	250	4.504538349161561
chr6	151451908	151452935	RMND1	ARMT1	447	0.3685737003228987	159	4.225568725460132	380	5.768988427433798	A2UCOE	269	269.5	169	4.199065118234603
chr1	212791524	212792005	NSL1	TATDN3	448	0.3684422245687003	362	5.0173807033434	302	5.370567528469519	A2UCOE	356	332.0	372	4.965257945669885
chr12	109573189	109573794	MVK	MMAB	449	0.3682994404822209	551	6.283077374765081	542	6.914112731197655	SRF-UCOE	565	546.5	546	6.166119466944167
chr7	42932035	42932700	PSMA2	MRPL32	450	0.3680426857186438	204	4.399755166060772	200	4.90981682138331	A2UCOE	177	202.0	214	4.368482047031658
chr2	121736532	121737343	NIFK	TSN	451	0.3678790400269245	419	5.292570760893806	519	6.671788682008121	A2UCOE	506	469.0	430	5.272285502230091
chr11	66001926	66002831	EIF1AD	BANF1	452	0.3672214240510999	131	4.139505397080873	174	4.767414065467705	A2UCOE	112	152.5	148	4.126438924799016
chr12	42237422	42238817	YAF2	PPHLN1	453	0.3671827911967428	595	8.998032972863275	596	9.885361225929849	SRF-UCOE	596	595.5	595	8.926740754714524
chr13	27620046	27622112	LNX2	POLR1D	454	0.3671793348473149	73	3.845361966722675	58	3.8745051602554366	A2UCOE	24	65.5	67	3.7194108554884675
chr13	44989153	44989867	NUFIP1	GPALPP1	455	0.3667903023813227	52	3.718859605608383	221	4.98930400962595	A2UCOE	94	136.5	63	3.6919135155230323
chr18	36128956	36130273	SLC39A6	ELP2	456	0.3667516306562854	473	5.591669251747743	199	4.899865432270107	A2UCOE	366	336.0	480	5.571940128461511
chr12	109477326	109477833	KCTD10	UBE3B	457	0.3666199658622154	465	5.517908832288974	420	5.965936163493002	A2UCOE	479	442.5	468	5.486871991542364
chr17	18038884	18040181	ATPAF2	GID4	458	0.3666179317322706	77	3.8614411318483755	296	5.339211063390814	A2UCOE	148	186.5	90	3.848887006954985
chr5	1799347	1801791	MRPL36	NDUFS6	459	0.3665936609173974	192	4.371383837803033	253	5.130574689284756	A2UCOE	206	222.5	134	4.08281188567585
chr12	6970337	6970966	PHB2	EMG1	460	0.3665815157738308	482	5.64142782325563	516	6.628571261887317	A2UCOE	532	499.0	483	5.599167587864325
chr10	97426021	97426537	RRP12	PGAM1	461	0.3665659850461065	199	4.382920966061288	470	6.262172985737132	SRF-UCOE	364	334.5	188	4.2751866680728385
chr17	59892681	59893660	TUBD1	RPS6KB1	462	0.3650260649803148	166	4.2632913771818215	314	5.455842279086408	A2UCOE	225	240.0	179	4.233630354157123
chr5	217921	219013	CCDC127	SDHA	463	0.3649803062395782	49	3.695024797761499	347	5.595547062524226	A2UCOE	170	198.0	53	3.648303677194475
chr4	499050	499590	ZNF721	PIGG	464	0.3643241278014874	162	4.246453969747025	260	5.158472855992578	A2UCOE	189	211.0	177	4.230876696384996
chr5	36151395	36152277	LMBRD2	SKP2	465	0.3639505885048287	355	4.987237572389501	433	6.0414528684077435	A2UCOE	432	394.0	364	4.937802977601304
chr10	100986776	100987744	TWNK	MRPL43	466	0.3635405331177956	506	5.864248383573244	543	6.924365996665384	A2UCOE	547	524.5	513	5.841389379092474
chr9	129110345	129111627	PTPA	CRAT	467	0.3634870451643295	422	5.299951102195006	497	6.507968335444909	A2UCOE	493	459.5	411	5.186390153549596
chr7	98251820	98252594	TECPR1	BRI3	468	0.3630400106890846	197	4.38005920035681	508	6.562935953624434	A2UCOE	389	352.5	205	4.336925208727051
chr1	161117932	161118322	PFDN2	NIT1	469	0.363039348165359	278	4.69513956067817	432	6.041072195169077	A2UCOE	391	355.0	282	4.648986806962363
chrX	13734322	13735217	TRAPPC2	OFD1	470	0.3628147893229222	323	4.8716371226259705	345	5.58787414897082	A2UCOE	363	334.0	331	4.829462422078667
chr12	122526714	122527245	RSRC2	KNTC1	471	0.3627683571153568	591	8.236066047622003	589	8.276169051076053	A2UCOE	593	590.0	592	8.179026868335539
chr7	32495283	32495928	LSM5	AVL9	472	0.3622207480260099	64	3.8001307868995124	366	5.7144753683601754	A2UCOE	195	215.0	68	3.740790774002366
chr12	113184956	113186126	DDX54	RITA1	473	0.3619929639657918	219	4.431461440853343	191	4.845434797554196	A2UCOE	181	205.0	192	4.296661598719797
chr11	96389372	96390423	CCDC82	JRKL	474	0.3616998533254369	116	4.091755239212393	30	3.4630837888481474	A2UCOE	32	73.0	132	4.066735107033526
chr2	101252561	101253540	TBC1D8	CNOT11	475	0.3610186291872053	37	3.5403706694998958	118	4.444133883525471	A2UCOE	39	77.5	42	3.4999698398584758
chr4	174283414	174284244	FBXO8	CEP44	476	0.3608446162398397	536	6.110775116755364	355	5.626723957592767	A2UCOE	482	445.5	531	6.00354266911954
chr2	71130057	71130822	MCEE	MPHOSPH10	477	0.3607963203775928	107	4.056023804230776	356	5.627223355975153	A2UCOE	216	231.5	125	4.035676211927815
chr12	120446244	120446900	TRIAP1	GATC	478	0.3607907763760836	393	5.142803265118783	371	5.734511081776316	A2UCOE	420	382.0	402	5.135462213782756
chr11	235918	237290	SIRT3	PSMD13	479	0.3607320971600283	68	3.821651257257439	93	4.297017162876394	A2UCOE	40	80.5	79	3.7960214472525546
chr3	167734588	167735242	PDCD10	SERPINI1	480	0.3605879947649325	170	4.2905287111731525	515	6.618925047862066	TBP/PSMB1	376	342.5	155	4.156798059522551
chr5	95554703	95555465	SKIC3	ARSK	481	0.3605033361738644	203	4.399336790030201	436	6.0476102016031845	A2UCOE	339	319.5	194	4.299323440414157
chr11	6603322	6603843	RRP8	ILK	482	0.3602459116636196	119	4.103091955112313	275	5.242405933845992	A2UCOE	169	197.0	133	4.079187316422606
chr11	61429449	61430225	CPSF7	SDHAF2	483	0.3601982202054525	256	4.601969009844892	299	5.352317301092663	A2UCOE	278	277.5	260	4.537815252483789
chr17	75666919	75667548	RECQL5	SAP30BP	484	0.3599776614658877	91	3.9653350043320175	219	4.984615085039262	A2UCOE	115	155.0	98	3.9308824556723914
chr14	60980945	60981423	SLC38A6	TRMT5	485	0.3599751705686955	415	5.277015573401893	424	5.989737437873599	A2UCOE	453	419.5	424	5.2457601865523165
chr17	28335045	28336022	IFT20	TNFAIP1	486	0.3599569464330884	436	5.3772791675743115	544	6.935287430209291	A2UCOE	523	490.0	448	5.376009045834322
chr3	88149364	88150363	CGGBP1	C3orf38	487	0.3597128900065839	246	4.5461335861416625	239	5.071343151886082	A2UCOE	228	242.5	257	4.525409455652179
chr21	46285713	46286697	MCM3AP	YBEY	488	0.3594107293598335	15	3.3245437579946406	125	4.472410250977798	A2UCOE	30	70.0	18	3.2563547927130347
chr9	35748656	35749286	GBA2	RGP1	489	0.3594067277060864	307	4.815166817525823	388	5.80614570258123	A2UCOE	384	347.5	326	4.8019920463877925
chr18	56651225	56651600	WDR7	TXNL1	490	0.3592823925609931	464	5.51213313946183	464	6.254692319698934	SRF-UCOE	500	464.0	443	5.361073466603502
chr16	23641066	23641597	PALB2	DCTN5	491	0.3588462426120561	302	4.793782460313509	525	6.737017519213661	A2UCOE	447	413.5	307	4.740006381493809
chr6	159788909	159790983	TCP1	MRPL18	492	0.3585993955253273	353	4.97954718325865	120	4.452663905641116	A2UCOE	222	236.5	367	4.95347895083503
chr17	76725949	76727338	JMJD6	METTL23	493	0.358102807214137	18	3.3643051644930217	66	3.988257998867903	A2UCOE	7	42.0	21	3.308995891982059
chr17	4142498	4143197	ZZEF1	CYB5D2	494	0.3579222902480071	65	3.8049403684755037	438	6.058368766427045	A2UCOE	242	251.5	77	3.7814940998418645
chr12	121799916	121805484	RHOF	SETD1B	495	0.3575311207038584	565	6.648597670458483	100	4.337682174501036	TBP/PSMB1	359	332.5	565	6.5368033097840454
chr5	177022498	177023114	UIMC1	ZNF346	496	0.3575059113376334	263	4.651526647879408	466	6.259270493293933	A2UCOE	403	364.5	279	4.628146948534549
chr16	11976400	11977013	NPIPB2	SNX29	497	0.3572589468252333	264	4.654850623359411	511	6.59830815066238	A2UCOE	426	387.5	258	4.531321989169042
chr11	117232057	117233225	PCSK7	RNF214	498	0.3568034474079912	243	4.535409678708787	454	6.154151548353021	SRF-UCOE	386	348.5	253	4.5131767337415996
chr5	62403523	62404050	DIMT1	IPO11	499	0.3566542979135638	378	5.056538235034977	475	6.3034588075215865	A2UCOE	463	426.5	374	4.975248074031743
chr1	77978619	77979597	FUBP1	DNAJB4	500	0.3565878897667554	580	7.174732621019448	352	5.612747073813609	A2UCOE	503	466.0	579	7.0821727126964955
chr17	32349982	32350441	C17orf75	ZNF207	501	0.3563933542795633	562	6.569503562826834	397	5.856940039525908	A2UCOE	515	479.5	556	6.353043976977538
chr2	38750393	38751542	SRSF7	GEMIN6	502	0.35602743973998	276	4.687250718725303	147	4.608758425331516	TBP/PSMB1	190	211.5	246	4.49467648710487
chr11	3797217	3798077	PGAP2	NUP98	503	0.3553825558439652	484	5.657077299193802	530	6.753555125836135	A2UCOE	534	507.0	485	5.605284694039186
chr17	28854961	28855301	ERAL1	FAM222B	504	0.3551092196415093	432	5.328159619033684	536	6.8334274988661825	A2UCOE	518	484.0	433	5.283830502302136
chr19	9827649	9828139	FBXL12	UBL5	505	0.3550747620581407	478	5.632699729551997	529	6.751605151289296	A2UCOE	533	503.5	487	5.616254761583032
chr3	179604558	179605000	MRPL47	NDUFB5	506	0.3550128424894725	361	5.015360132202626	463	6.245700414502571	A2UCOE	445	412.0	362	4.935023620123952
chr11	64225940	64226362	NUDT22	TRPT1	507	0.3544221091350772	96	4.000548306833702	341	5.569398784047993	SRF-UCOE	197	218.5	108	3.982782347422367
chr14	103715041	103716615	XRCC3	ZFYVE21	508	0.354413841519102	370	5.0256278407656065	541	6.906788419858357	A2UCOE	490	455.5	325	4.801191140209872
chr12	21501669	21502022	RECQL	GOLT1B	509	0.3540853965771698	249	4.564513561840242	381	5.774330289710042	A2UCOE	331	315.0	229	4.432095141558911
chr9	137204869	137206013	TMEM203	NDOR1	510	0.3540474781082112	373	5.047133769778983	445	6.10706358943104	A2UCOE	441	409.0	382	5.015967859152743
chr15	49155142	49155870	GALK2	COPS2	511	0.3537898576835288	169	4.282453335776038	215	4.9759932476350395	A2UCOE	160	192.0	184	4.2606109226116216
chr4	931792	932700	GAK	TMEM175	512	0.3532066184647098	286	4.7354353792238255	439	6.067682725487966	A2UCOE	400	362.5	292	4.687347335682072
chr13	75549302	75550132	COMMD6	UCHL3	513	0.3529927672414261	155	4.204354477660638	108	4.394974092632692	A2UCOE	90	131.5	129	4.052937778039364
chr19	48619020	48619666	RPL18	SPHK2	514	0.352040279242364	477	5.628758857088785	566	7.2740460175318145	A2UCOE	544	521.5	477	5.559225789951524
chr14	77707711	77708207	ALKBH1	SLIRP	515	0.3515772773275898	548	6.239441544314875	550	7.004002263538436	A2UCOE	568	549.0	552	6.238083126213571
chr14	57268388	57268986	EXOC5	AP5M1	516	0.351188988672059	152	4.200827557980793	335	5.552539708526658	A2UCOE	231	243.5	164	4.178081190084583
chr11	74948886	74949328	XRRA1	SPCS2	517	0.3510613502596119	535	6.108901977200495	556	7.116997282941529	SRF-UCOE	563	545.5	536	6.057434479890965
chr14	58426900	58427531	KIAA0586	TIMM9	518	0.3508169116069002	426	5.307205128541692	348	5.6021467221744645	A2UCOE	424	387.0	405	5.152870604679274
chr14	74018622	74019653	BBOF1	ENTPD5	519	0.3507907834320113	193	4.372332523346447	339	5.568553483067258	A2UCOE	265	266.0	187	4.2750902380314715
chr22	17628366	17628906	ATP6V1E1	BCL2L13	520	0.3498208125837889	589	7.487742712403771	588	8.120854169725723	A2UCOE	589	588.5	588	7.299067399262708
chr22	26483492	26484068	SRRD	HPS4	521	0.3493701462448328	23	3.4413976196550093	315	5.4634329225123155	A2UCOE	130	169.0	33	3.4065839921156735
chr16	15642949	15643300	MARF1	NDE1	522	0.3491560369896593	566	6.706580928988932	394	5.851252666794462	SRF-UCOE	516	480.0	566	6.546598424705431
chr1	229625381	229626552	TAF5L	URB2	523	0.3485878819909809	254	4.6000531225507375	376	5.762342780499409	SRF-UCOE	331	315.0	265	4.5737059449224535
chr16	57447083	57447754	CIAPIN1	COQ9	524	0.3485279661372319	501	5.799302041326156	571	7.340015904719228	A2UCOE	557	536.0	500	5.7006596946535515
chr16	57185574	57186671	PSME3IP1	RSPRY1	525	0.3484324909108823	60	3.783905030844462	188	4.831753463269655	A2UCOE	76	124.0	72	3.7642636466763757
chr15	55318887	55319410	PIGB	RAB27A	526	0.347452463699016	541	6.170920852315728	492	6.4724602272340785	A2UCOE	538	516.5	541	6.1326896836819325
chr1	155208694	155209168	MTX1	THBS3	527	0.3468920014496388	588	7.47448990485059	595	8.838733779992086	A2UCOE	594	591.5	589	7.383908771561946
chr2	219229250	219229975	ATG9A	ANKZF1	528	0.3468666745822901	502	5.800799746150905	539	6.866665345819416	A2UCOE	542	520.5	506	5.77776659166019
chr14	24232367	24232786	NEDD8	GMPR2	529	0.34669702681638	552	6.354442594579016	575	7.540371615085176	A2UCOE	576	563.5	554	6.314712240198867
chr20	62142542	62144611	PSMA7	SS18L1	530	0.3463822889616516	67	3.821152117385081	372	5.744108339179911	A2UCOE	198	219.5	49	3.615648155912637
chr11	6481193	6481697	ARFIP2	TIMM10B	531	0.3461089112381716	382	5.062429028831977	473	6.289781889933535	A2UCOE	464	427.5	387	5.044135742816012
chr9	128947074	128948285	DOLK	NUP188	532	0.3459763389474461	238	4.514164728346405	444	6.107055788770549	A2UCOE	372	341.0	242	4.470116936264607
chr17	74776105	74776553	NAT9	TMEM104	533	0.3457206285821066	394	5.157545013120435	563	7.232619720643283	A2UCOE	514	478.5	404	5.146649686610679
chr8	125091518	125091880	NSMCE2	WASHC5	534	0.3455658753438663	364	5.019570004770017	370	5.7294293849732325	SRF-UCOE	408	367.0	371	4.964351390762672
chr11	126211474	126212133	RPUSD4	FAM118B	535	0.345190904321877	173	4.296045634845126	427	5.998580410038234	A2UCOE	306	300.0	176	4.226170781097837
chr14	99479824	99481851	SETD3	CCNK	536	0.3451272842020454	105	4.050849489421141	242	5.0763364550696775	A2UCOE	139	173.5	117	4.013419656941279
chr2	119366665	119367711	C2orf76	DBI	537	0.3448048001246765	338	4.917096570367424	499	6.520930779699896	A2UCOE	452	418.5	343	4.866874685966453
chr11	94493506	94494246	MRE11	ANKRD49	538	0.3447896870738633	346	4.9569166488609175	494	6.480229398156822	A2UCOE	454	420.0	369	4.955615329236797
chr16	66552365	66552816	TK2	CKLF	539	0.3445573188883362	530	6.057989008993616	572	7.385875953884013	TBP/PSMB1	569	551.0	525	5.960031093286627
chr1	231241050	231241497	C1orf131	GNPAT	540	0.3444020000807754	1	2.814264538703769	284	5.29930576201503	A2UCOE	103	142.5	1	2.6426276069538597
chr2	208266024	208266412	IDH1	PIKFYVE	541	0.3441260691915315	572	6.891584875052777	552	7.068997693956933	SRF-UCOE	574	562.0	574	6.890466787379097
chr6	34889049	34889887	TAF11	ANKS1A	542	0.3440971143924952	414	5.265409194605987	512	6.598422896582622	SRF-UCOE	498	463.0	416	5.201630863189086
chr2	85354393	85354840	ELMOD3	RETSAT	543	0.3440485252327915	543	6.186098651317024	584	7.777631619748771	A2UCOE	576	563.5	548	6.176035479930662
chr17	4939563	4940341	RNF167	SLC25A11	544	0.343601801999738	327	4.888638550477933	507	6.561442752677562	A2UCOE	450	417.0	341	4.85151530740238
chr17	82418203	82418885	HEXD	OGFOD3	545	0.3430709681219823	440	5.397952784752565	425	5.9903118896141825	SRF-UCOE	471	432.5	446	5.367040893267031
chr5	154038623	154039109	FAM114A2	MFAP3	546	0.3427196288106008	372	5.03868692761462	513	6.600648472513251	A2UCOE	479	442.5	377	4.982511421256502
chr3	127598141	127598688	TPRA1	MCM2	547	0.3425498778051713	179	4.324773686027755	459	6.19897720701617	SRF-UCOE	338	319.0	66	3.7087447979195596
chr6	116253743	116254204	TSPYL4	DSE	548	0.3425354612389386	290	4.749670315627716	441	6.100221610998134	TBP/PSMB1	405	365.5	295	4.694399284042816
chr17	7931853	7932251	CNTROB	TRAPPC1	549	0.3422409191426852	585	7.300901251270816	593	8.64999897252462	A2UCOE	591	589.0	587	7.2959252291089
chr19	36850016	36851098	ZNF345	ZNF790	550	0.3421655104577164	598	10.35410963461441	598	10.546030547128996	TBP/PSMB1	598	598.0	598	9.90928266607115
chr2	177392499	177393164	AGPS	NFE2L2	551	0.3402361863590597	209	4.406551996100589	364	5.705394068988822	A2UCOE	286	286.5	193	4.298744303185972
chr14	96363129	96363997	ATG2B	GSKIP	552	0.3399673487423008	9	3.184220408165167	401	5.902795755683062	A2UCOE	181	205.0	10	3.1378860296069573
chr12	56221739	56222014	RNF41	NABP2	553	0.3397338861450404	437	5.381090006126403	551	7.06580484179483	A2UCOE	528	494.0	441	5.334885503014702
chr16	89489407	89491345	ANKRD11	SPG7	554	0.3397107510682103	260	4.619508129640306	382	5.7838773257734015	A2UCOE	343	321.0	269	4.587794530148667
chr11	112086628	112086957	TIMM8B	SDHD	555	0.3396005631599586	457	5.49715688859678	533	6.781884397792448	A2UCOE	530	495.0	467	5.479979156986241
chr11	31509584	31509954	IMMP1L	ELP4	556	0.3395740912762844	431	5.3260140974109875	548	6.982371717627079	A2UCOE	522	489.5	439	5.318736819958144
chr16	70289224	70289707	DDX19B	AARS1	557	0.3395068777889256	533	6.095970784704639	564	7.236442040076192	A2UCOE	566	548.5	509	5.812181469281067
chr11	47565296	47566056	PTPMT1	CELF1	558	0.3389883158657014	463	5.503449932284681	565	7.247137255884783	A2UCOE	537	514.0	465	5.452451866516275
chr2	218671687	218672090	RNF25	STK36	559	0.3389376326362774	167	4.268635940953626	479	6.335996140379377	A2UCOE	346	323.0	180	4.238473744397722
chr10	119892491	119892995	MCMBP	SEC23IP	560	0.3389149822521035	409	5.248045068105985	559	7.166125802776051	TBP/PSMB1	518	484.0	406	5.161094001421143
chr18	46104147	46104881	ATP5F1A	HAUS1	561	0.3387306496503716	583	7.242192309373633	594	8.682600674632816	A2UCOE	589	588.5	580	7.089493754482619
chr15	45402212	45403596	GATM	SPATA5L1	562	0.3385051125433346	241	4.530707082406551	243	5.078144589793483	A2UCOE	227	242.0	255	4.518728983268129
chr4	82428900	82431306	HNRNPDL	ENOPH1	563	0.3379626372147364	404	5.2244858997770045	16	3.040193129972991	A2UCOE	187	210.0	415	5.199678053981956
chr1	9943107	9943527	LZIC	NMNAT1	564	0.33744610512503	493	5.715740778710838	567	7.313355979408747	A2UCOE	553	530.0	496	5.6762807488249525
chr1	1324263	1325255	INTS11	CPTP	565	0.3360212672699273	328	4.889614700983383	480	6.339224069878856	SRF-UCOE	437	404.0	334	4.837898205274656
chr7	2241727	2242470	MRM2	NUDT1	566	0.3349258913514657	451	5.455472136975153	532	6.772764029117422	SRF-UCOE	525	491.5	455	5.402228201802988
chr1	70205500	70205759	LRRC40	SRSF11	567	0.3339533554060896	545	6.194946787385728	569	7.318819543264856	SRF-UCOE	571	557.0	544	6.150824750774006
chr19	10928280	10929609	YIPF2	TIMM29	568	0.3334023916984496	321	4.869832451671128	491	6.460660019220733	TBP/PSMB1	438	406.0	294	4.693817991785696
chr2	99180885	99181160	MITD1	MRPL30	569	0.3329728368139029	337	4.915950657123496	520	6.690836818189695	A2UCOE	465	428.5	318	4.787983914840873
chr10	5888951	5890674	ANKRD16	FBH1	570	0.3327631275588777	122	4.105068923201183	452	6.136685565973474	SRF-UCOE	288	287.0	109	3.985412582598357
chr16	66934126	66935021	CIAO2B	CES2	571	0.3325993468554542	341	4.93527681653578	500	6.521565944819818	A2UCOE	455	420.5	352	4.8939013784621785
chr2	44361815	44362219	PREPL	CAMKMT	572	0.3323694338386175	293	4.76421731608228	485	6.371684256688761	A2UCOE	429	389.0	283	4.65395163468465
chr3	196568470	196569419	FBXO45	WDR53	573	0.3316032842703914	75	3.858013709144122	417	5.962692788106837	A2UCOE	235	246.0	80	3.806557212063607
chr8	73971999	73972436	ELOC	TMEM70	574	0.3310187916226699	563	6.573581466113049	310	5.426540049262597	SRF-UCOE	474	436.5	564	6.498898337787964
chr17	37406724	37406967	ACACA	TADA2A	575	0.3309238949960582	592	8.338808857500611	447	6.1184694678396685	SRF-UCOE	541	519.5	591	7.943239282304783
chr3	51983040	51983576	ACY1	ABHD14B	576	0.3302463666974392	156	4.204604693171445	320	5.483740268193951	SRF-UCOE	223	238.0	120	4.027348487164462
chr16	89656784	89658228	CHMP1A	SPATA33	577	0.329315466438566	339	4.922012966653154	488	6.390850020574532	A2UCOE	447	413.5	335	4.842648972970194
chr9	136410015	136411343	ENTR1	PMPCA	578	0.32925294436084	428	5.312278176636735	502	6.536367106746878	A2UCOE	501	465.0	403	5.140138379027956
chr8	86514331	86515044	RMDN1	CPNE3	579	0.3256078123166085	384	5.073948842408697	505	6.554566843496809	TBP/PSMB1	481	444.5	389	5.060948778594725
chr19	2328365	2329090	LSM7	SPPL2B	580	0.3251287769509577	479	5.634083742011863	558	7.125516471366038	A2UCOE	539	518.5	481	5.592073199161145
chr3	50350528	50351250	NPRL2	CYB561D2	581	0.3251263272091573	287	4.7412900319392834	429	6.007180287929518	A2UCOE	393	358.0	293	4.690305088664202
chr6	49463221	49463423	MMUT	CENPQ	582	0.3239369797025562	577	7.008626274166326	583	7.716786325974106	SRF-UCOE	582	580.0	578	6.957048478348332
chr19	39341858	39343033	GMFG	SAMD4B	583	0.323697670575811	438	5.381484123468705	534	6.797390908419187	SRF-UCOE	520	486.0	436	5.29435989834516
chr6	33288762	33289301	WDR46	PFDN6	584	0.3212190054087456	142	4.172924815135502	493	6.47956814784551	A2UCOE	336	317.5	122	4.029790398382355
chr16	1826112	1827632	FAHD1	HAGH	585	0.3209121652011639	180	4.32583710884412	461	6.235720549014198	SRF-UCOE	342	320.5	149	4.136889238419463
chr14	102362819	102363536	CINP	TECPR2	586	0.3208006516120653	430	5.324601246190523	252	5.125529448448865	SRF-UCOE	372	341.0	438	5.307411742625541
chr2	241636291	241638148	THAP4	ATG4B	587	0.3199283876349052	83	3.8913103560039173	175	4.771259930933118	A2UCOE	83	129.0	78	3.7841777923766085
chr12	123633550	123633932	GTF2H3	EIF2B1	588	0.3195540619666906	561	6.5124717272760675	585	7.8894946122107275	SRF-UCOE	580	573.0	563	6.483217956807262
chr16	1351333	1352347	TSR3	GNPTG	589	0.3186120975055179	267	4.663768910690249	474	6.291802975467162	SRF-UCOE	411	370.5	277	4.620398938675991
chr6	30717059	30717726	TUBB	MDC1	590	0.3181494200631997	557	6.403976434429241	587	7.972071753192007	A2UCOE	579	572.0	558	6.375093494360179
chr3	49689501	49689907	MST1	RNF123	591	0.3181014181126674	309	4.818968227442447	395	5.851319086485163	SRF-UCOE	388	352.0	308	4.747060796430734
chr8	47959898	47960278	PRKDC	MCM4	592	0.3170446616666749	544	6.190056247974211	570	7.3386008400447444	SRF-UCOE	571	557.0	539	6.108991290393095
chr2	38875520	38876073	DHX57	MORN2	593	0.3124233519277567	521	6.000784194024187	545	6.941937387774728	SRF-UCOE	555	533.0	527	5.970217732730464
chr14	74712926	74713172	AREL1	FCF1	594	0.3096924083466859	310	4.825941140636038	531	6.767806464084276	SRF-UCOE	455	420.5	263	4.559182655520612
chr1	151008259	151008616	MINDY1	PRUNE1	595	0.2998543416254435	590	7.809111014399789	580	7.702914173273154	SRF-UCOE	585	585.0	590	7.755843855111707
chr2	85561288	85561616	GGCX	VAMP8	596	0.2994114539689564	593	8.725068511132019	578	7.598635937991364	SRF-UCOE	586	585.5	593	8.672411405969427
chr16	67159643	67160136	TRADD	FBXL8	597	0.2989254612425838	599	17.49891710678459	599	17.92343932546113	TBP/PSMB1	599	599.0	599	17.406891806158733
chr19	12666516	12666824	MAN2B1	WDR83	598	0.2949975518427783	320	4.869561697525558	457	6.171182548369891	SRF-UCOE	428	388.5	338	4.845137595055388
chr19	13149748	13154110	STX10	IER2	599	0.2484876289592006	587	7.371861653463235	549	7.0015740634179995	A2UCOE	578	568.0	586	7.28311207198679
