chrom	start	end	gene1	gene2	gene1_strand	gene2_strand	inter_tss_distance	pair_type	orig_start	orig_end	cpg_overlap_fraction	cpg_obs_exp	cpg_gc_pct	H3K4me3_n_present	H3K4me3_frac_present	H3K4me3_mean	H3K4me3_cv	H3K27ac_n_present	H3K27ac_frac_present	H3K27ac_mean	H3K27ac_cv	H3K27me3_n_absent	H3K27me3_frac_absent	H3K27me3_mean	H3K27me3_cv	H3K9me3_n_absent	H3K9me3_frac_absent	H3K9me3_mean	H3K9me3_cv	meth_mean	meth_cv	meth_n_hypo	meth_frac_hypo	DNase_mean	DNase_cv	DNase_n_present	DNase_frac_present
chr1	9943107	9943527	LZIC	NMNAT1	-	+	20	divergent_classic	9943407	9943427	1.0	68.6	39.0	11	1.0	23.426322430996667	0.4916289964361494	11	1.0	16.236056263702256	0.5464875182345251	11	1.0	0.24912989206644365	1.534436102814136	11	1.0	0.19120144129347072	1.2786019828487287	1.798338566195709	1.0144113736862903	7	1.0	1.8600347901190517	0.26570612447825653	11	1.0
chr1	11805405	11806509	CLCN6	MTHFR	+	-	360	divergent_overlapping	11806095	11806455	1.0	67.9	92.0	11	1.0	24.939924990742806	0.5220524199034208	11	1.0	15.15528002097256	0.47924042457392224	11	1.0	0.26282436417615745	0.9498671407543826	11	1.0	0.13873019209098836	0.572516745400514	1.2932221904748116	0.8974935826363181	7	1.0	1.7460345163941384	0.28192175457778135	10	0.9090909090909091
chr1	15526534	15527168	CASP9	DNAJC16	-	+	278	divergent_classic	15526534	15526812	0.8753943217665615	66.3	53.0	11	1.0	17.947408473464318	0.4888814970127555	10	0.9090909090909091	9.086960391813227	0.6136339796828926	11	1.0	0.2117205224433217	1.171398278176504	11	1.0	0.23037509578670215	0.9551063901482654	1.8718771551478317	1.0205417750687145	7	1.0	2.8781915764634984	0.565643198493076	11	1.0
chr1	31296399	31297131	SNRNP40	ZCCHC17	-	+	193	divergent_classic	31296788	31296981	1.0	59.6	55.0	11	1.0	29.853252943199895	0.568814298751351	11	1.0	12.950971926596749	0.5554547089204234	11	1.0	0.33430018136874623	1.011423417089132	11	1.0	0.3545233468859589	0.5718529859702597	1.1019834547784857	0.5904485455211422	7	1.0	1.8845696927323312	0.4056622264644368	10	0.9090909090909091
chr1	32650903	32651762	ZBTB8OS	RBBP4	-	+	238	divergent_classic	32650903	32651141	0.9545983701979045	69.5	96.0	11	1.0	25.70693957010806	0.46496719933302577	11	1.0	20.53598035231731	0.4984793773738636	11	1.0	0.3578494373530104	1.2449154513481535	11	1.0	0.277534853746286	0.9414123979645165	1.5351978921025167	0.6176804855377724	7	1.0	1.4028162731883613	0.2389180571653664	9	0.8181818181818182
chr1	54052928	54053626	TMEM59	TCEANC2	-	+	79	divergent_classic	54053504	54053583	1.0	64.5	55.0	11	1.0	23.886830309160526	0.5894567446676822	11	1.0	12.889963881377856	0.6958025047455537	11	1.0	0.44048163863308926	0.879588164250278	11	1.0	0.20774670687015975	0.9117256401856237	1.3066083875993981	1.26439565551875	7	1.0	1.9798184092039584	0.3562793650475221	11	1.0
chr1	70205500	70205759	LRRC40	SRSF11	-	+	102	divergent_classic	70205579	70205681	1.0	67.2	28.0	11	1.0	17.716603988595242	0.45270111413429265	10	0.9090909090909091	8.394462393313676	0.47941926238848526	11	1.0	0.11433603189082761	1.5053286930855136	11	1.0	0.1925299990805838	0.8523146990727569	1.9729591836734695	1.2868206486468317	7	1.0	2.199222661353446	0.33012244752120623	11	1.0
chr1	111448682	111449580	ATP5PB	WDR77	+	-	393	divergent_overlapping	111448863	111449256	1.0	62.6	68.0	11	1.0	33.38320994410195	0.5712048689389898	10	0.9090909090909091	9.762189700105157	0.5423698687487076	11	1.0	0.38253743808625773	1.0355333962048072	11	1.0	0.42423941366464396	0.8896907201321055	0.9822736096895761	0.530632508163267	7	1.0	1.5131026458889878	0.3473791289541249	9	0.8181818181818182
chr1	151008259	151008616	MINDY1	PRUNE1	-	+	43	divergent_classic	151008376	151008419	1.0	68.9	42.0	11	1.0	14.66788995754394	0.5001450246290506	11	1.0	7.197947231034135	0.7337347207995334	11	1.0	0.16892642504102803	1.3687016470165163	10	0.9090909090909091	0.38889535603688663	1.7421406509694317	0.8975340136054422	1.0317895153107577	7	1.0	2.223757031850606	0.426697510210383	10	0.9090909090909091
chr1	154220178	154221312	UBAP2L	C1orf43	+	-	459	divergent_overlapping	154220178	154220637	0.8333333333333334	57.4	79.0	11	1.0	28.948645019516025	0.5671489201077821	11	1.0	22.81821560612546	0.5675929603570079	11	1.0	0.3732383407753918	1.0323050953172017	11	1.0	0.2539771094512128	0.5946744752473263	1.0669079380261368	0.7726172758018928	7	1.0	1.5101035856773661	0.3052655890620668	9	0.8181818181818182
chr1	167935782	167937563	DCAF6	MPC2	+	-	1290	divergent_overlapping	167935782	167937072	0.8124649073554183	61.35	57.0	11	1.0	33.39842064681959	0.5401709776368856	11	1.0	21.002744721846838	0.49811148483426504	11	1.0	0.42329634566918256	0.6561713814282463	11	1.0	0.29557059061937063	0.5384429939994174	0.8969682927428418	0.4794768842896975	7	1.0	1.3425775892964926	0.19773411926805898	10	0.9090909090909091
chr1	183635148	183636198	ARPC5	RGL1	-	+	301	divergent_classic	183635783	183636084	1.0	65.3	99.0	11	1.0	37.084386277641656	0.6242547735505194	11	1.0	13.675219464262826	0.6309561614590969	11	1.0	0.38953607835159415	0.7903346956490243	11	1.0	0.4209944153649307	1.1382783608375184	1.0558780844864832	0.6520245494568632	7	1.0	1.3240658832250316	0.23261354824832065	9	0.8181818181818182
chr1	185156718	185157573	TRMT1L	SWT1	-	+	7	divergent_classic	185157072	185157079	1.0	65.4	73.0	11	1.0	27.00152891626624	0.6215752874313653	11	1.0	13.046105675588636	0.6613107541690822	11	1.0	0.37930797092351176	0.6232769920001224	11	1.0	0.1526278219351066	0.7761462787309219	13.135432042820367	2.499835063973172	7	0.875	1.8633597699598325	0.2936963892635028	11	1.0
chr1	186374992	186375837	TPR	ODR4	-	+	144	divergent_classic	186375693	186375837	0.8568047337278106	65.9	69.0	11	1.0	24.303308752244323	0.791501954676007	11	1.0	14.04525357871887	0.5614367071363154	11	1.0	0.36140280342236175	0.9399994921983879	11	1.0	0.22131606983647564	0.6097594533801777	1.5814216642534134	0.6022310522109745	7	1.0	2.5116302754595563	0.3986532561227658	11	1.0
chr1	235327023	235328845	GGPS1	ARID4B	+	-	870	divergent_overlapping	235327349	235328219	1.0	63.4	157.0	11	1.0	35.05682932724558	0.5956413857142261	11	1.0	15.000637449447554	0.4805523928367416	11	1.0	0.49962202436480685	0.804939190852026	11	1.0	0.3055700753971236	0.6288249572304878	1.3793796852599598	0.5197490843659612	7	1.0	1.4001858097745041	0.37833681187063994	9	0.8181818181818182
chr1	243254439	243256033	CEP170	SDCCAG8	-	+	685	divergent_classic	243255348	243256033	0.6486825595984943	63.2	91.0	11	1.0	33.69777586088083	0.5619976084103544	11	1.0	15.344525861026103	0.49454290622103925	11	1.0	0.30997679325021543	0.7081280861655906	11	1.0	0.22878485899104148	0.6665804330652861	1.2316084433043122	0.43285416262472554	7	1.0	1.520806216400247	0.3624229432964161	10	0.9090909090909091
chr1	246565905	246566974	TFB2M	CNST	-	+	182	divergent_classic	246566261	246566443	1.0	61.3	88.0	11	1.0	40.97584756687519	0.5240061123400889	11	1.0	13.313384883304735	0.6613370971857168	11	1.0	0.3928055897113042	0.5048205394389343	11	1.0	0.37887968111854264	0.6728027869711295	1.009319253458862	0.4725548274752788	7	1.0	1.4009056700068563	0.25087528753575283	10	0.9090909090909091
chr10	1048397	1049654	IDI1	WDR37	-	+	418	divergent_classic	1049119	1049537	1.0	59.3	123.0	11	1.0	28.898160763111363	0.5055965321042398	11	1.0	22.64907840843924	0.7481939180544157	11	1.0	0.31711470079424564	0.9338006031168414	11	1.0	0.2960934515295656	0.6760146559196198	0.9099513163274378	0.48548479828940483	7	1.0	1.6659895183354316	0.30833880401293046	11	1.0
chr10	12195833	12196378	NUDT5	CDC123	-	+	73	divergent_classic	12195891	12195964	1.0	58.2	46.0	11	1.0	29.767902000338157	0.459160865550032	11	1.0	20.312048896759592	0.5908570345522792	11	1.0	0.3218195572941211	0.8715594732571853	11	1.0	0.3137455867483389	0.5288421617899921	1.0177061408352122	0.4485038945500557	7	1.0	1.3487088796941311	0.294914400822716	9	0.8181818181818182
chr10	18659184	18659782	NSUN6	ARL5B	-	+	145	divergent_classic	18659285	18659430	1.0	68.1	69.0	11	1.0	30.789257384977574	0.4531478151266939	11	1.0	21.486505516335708	0.5918930181994689	11	1.0	0.460702739161758	0.7164839403055417	11	1.0	0.25498360052459934	0.8672976230557707	1.6353828946628188	0.894352951605455	7	1.0	1.7309748251891568	0.4475564998426655	9	0.8181818181818182
chr10	35126560	35127757	CREM	CUL2	+	-	216	divergent_overlapping	35126790	35127006	1.0	50.6	93.0	11	1.0	25.905191555037444	0.5169454648326072	11	1.0	23.304981059590386	0.5239627804641462	11	1.0	0.37794194494624805	1.2760118879813012	11	1.0	0.23234849011508893	0.5273115454011461	1.4859311560737878	0.4856075489839684	7	1.0	1.408033511517452	0.30296109781556885	9	0.8181818181818182
chr10	74150842	74151722	AP3M1	ADK	-	+	359	divergent_classic	74150842	74151201	0.7318181818181818	67.5	50.0	11	1.0	27.532579754971696	0.435184863079927	11	1.0	19.443965450655497	0.5933883215533856	11	1.0	0.4774258572788083	0.9591597445265241	11	1.0	0.26709881875221986	0.8237162354195391	0.7109203550159772	0.6567037433044629	7	1.0	1.661522296945911	0.22812362597486266	10	0.9090909090909091
chr10	97426021	97426537	RRP12	PGAM1	-	+	114	divergent_classic	97426076	97426190	1.0	72.9	70.0	11	1.0	16.87276724403366	0.5154463218781568	10	0.9090909090909091	9.251294055006111	0.5040514246472743	11	1.0	0.20569034276295187	1.3279498019442237	11	1.0	0.26112597830103373	0.9077378639424716	0.819636243299737	0.7105953485852178	7	1.0	1.9354261381172293	0.6211990983602056	9	0.8181818181818182
chr10	103396063	103396727	ATP5MK	PDCD11	-	+	133	divergent_classic	103396492	103396625	1.0	61.4	56.0	11	1.0	32.89179659990465	0.5396329811203573	11	1.0	10.432758471662096	0.5959211414839903	10	0.9090909090909091	0.6595533196417551	1.0361322455000377	11	1.0	0.4150519870199545	0.4651354783380682	1.1975616233729232	0.7156948491755453	7	1.0	1.5455373480358967	0.36386804230671477	9	0.8181818181818182
chr10	110918549	110920136	BBIP1	SHOC2	-	+	165	divergent_classic	110919201	110919366	1.0	60.6	131.0	11	1.0	22.06944541802882	0.6489129102476202	11	1.0	16.116786359721864	0.4476636705525795	11	1.0	0.17705839756833394	0.528795557497455	11	1.0	0.2124077025691663	0.48015521816436196	0.9396816839149854	0.37016845045094127	7	1.0	1.6853128117134033	0.5047763058308931	9	0.8181818181818182
chr10	119892491	119892995	MCMBP	SEC23IP	-	+	150	divergent_classic	119892556	119892706	1.0	64.3	48.0	11	1.0	28.602143105851624	0.5387463608886286	11	1.0	11.648825102445308	0.9767973155807526	10	0.9090909090909091	0.5842794689119127	1.0521550001213593	11	1.0	0.3398613814232357	1.0857032143169008	0.8324302347125755	0.8668091930144051	7	1.0	1.5212520675039563	0.3655694414388808	9	0.8181818181818182
chr11	3797217	3798077	PGAP2	NUP98	+	-	69	divergent_overlapping	3797723	3797792	1.0	62.8	90.0	11	1.0	17.45742893693338	0.5294448888342969	11	1.0	14.34207471215643	0.7954057656345119	11	1.0	0.2641504981523148	0.8593240116609917	11	1.0	0.19524319748566896	0.842050691975539	0.5272668060247736	0.584591213032808	7	1.0	2.639999028683717	0.3780151960154988	11	1.0
chr11	6481193	6481697	ARFIP2	TIMM10B	-	+	21	divergent_classic	6481479	6481500	1.0	61.5	53.0	11	1.0	24.715124534795123	0.32298096236772006	11	1.0	14.828097572677935	0.7022222176467853	11	1.0	0.34428859728931865	1.04682489084251	11	1.0	0.22558188306133495	0.9219678531647898	1.198831402329193	0.6188992673043502	7	1.0	2.222809517250798	0.38077963695259603	10	0.9090909090909091
chr11	18322078	18322917	HPS5	GTF2H1	-	+	96	divergent_classic	18322198	18322294	1.0	61.4	73.0	11	1.0	30.82919261196646	0.648360923341334	11	1.0	21.74357865644509	0.6867089606844702	11	1.0	0.24215039858144397	0.9296722257642908	11	1.0	0.3556818791516316	0.9726488765959906	0.825812930668846	0.7691175115598586	7	1.0	1.531073354977454	0.25004663465132604	11	1.0
chr11	31509584	31509954	IMMP1L	ELP4	-	+	109	divergent_classic	31509645	31509754	1.0	60.5	33.0	11	1.0	22.891336444291202	0.4949021909731964	10	0.9090909090909091	8.665672294000114	0.6256884806339514	11	1.0	0.2737454330187098	0.862044742186875	11	1.0	0.200316307990445	1.0517894741807796	1.0561654936618035	0.6866829521010767	7	1.0	2.4061806534519943	0.33727602783742455	11	1.0
chr11	46700429	46701029	ARHGAP1	ZNF408	-	+	410	divergent_classic	46700619	46701029	0.7483333333333333	63.7	34.0	11	1.0	24.18165497136116	0.33463389427446855	11	1.0	20.534143580974956	0.5622736779843948	11	1.0	0.3908099769877289	0.9514389346891654	11	1.0	0.20988242547997774	1.1259815512474212	0.6345332540327533	0.6948545498970945	7	1.0	2.296051371485898	0.31787586006624785	11	1.0
chr11	57712014	57712836	MED19	TMX2	-	+	371	divergent_classic	57712221	57712592	1.0	57.9	66.0	11	1.0	29.86442166122399	0.5120082343612151	11	1.0	12.27007078825515	0.6182690898701297	11	1.0	0.440556889007334	0.7008739744908555	11	1.0	0.2260797164674238	0.8064395323463998	0.9673076988817975	0.8986128637770806	7	1.0	2.279140539542681	0.6282332815197236	10	0.9090909090909091
chr11	61361749	61362407	TMEM138	CYB561A3	+	-	320	divergent_overlapping	61361963	61362283	1.0	66.1	61.0	11	1.0	22.710688936996934	0.4403484626892882	11	1.0	22.20255701465261	0.5179623209561426	11	1.0	0.2807401686723587	0.8215284877185209	11	1.0	0.3271371919354454	1.130725091173606	0.9115966286881713	0.48613094396942347	7	1.0	1.7526338825984846	0.30354246350830355	10	0.9090909090909091
chr11	61792435	61793077	TMEM258	FEN1	-	+	108	divergent_classic	61792802	61792910	1.0	65.9	56.0	11	1.0	34.311393730743724	0.49824323700526535	11	1.0	43.656322015073435	0.6281223687567135	11	1.0	0.44364543323208405	1.0880669914807657	11	1.0	0.2764591558479428	0.7100937350585189	0.7190967433034342	0.716053675209526	7	1.0	1.5080567285579927	0.21256867694121895	11	1.0
chr11	62726522	62728068	HNRNPUL2	TTC9C	-	+	611	divergent_classic	62727457	62728068	0.7328589909443726	71.0	142.0	11	1.0	28.563812386536394	0.47368226276745046	11	1.0	15.028912326230936	0.7214695855810568	11	1.0	0.3853231515528969	0.8519350085542434	11	1.0	0.256856343090039	0.42141368622886155	1.6448737142021155	1.0255403188114072	7	1.0	1.391014355996155	0.2516381891417273	10	0.9090909090909091
chr11	64317174	64318585	TRMT112	PRDX5	-	+	561	divergent_classic	64317559	64318120	1.0	62.7	112.0	11	1.0	34.87813191036324	0.6370328870141491	11	1.0	18.56334731160688	0.6474487363221355	11	1.0	0.4307835271577439	0.6883647555775827	11	1.0	0.3461843144242704	0.6894566422502789	1.574830538908412	0.7702294105105413	7	1.0	1.3098981894852082	0.291827371085574	9	0.8181818181818182
chr11	65615353	65616386	MAP3K11	PCNX3	-	+	393	divergent_classic	65615382	65615775	1.0	68.5	97.0	11	1.0	19.16901583640384	0.5559999519181658	10	0.9090909090909091	7.557631521750861	0.6906008414929514	11	1.0	0.32927436667851745	0.8399964627336778	11	1.0	0.1306354551732941	0.45176023479707494	1.6403883363539755	0.4635220823415562	7	1.0	2.8743176280689484	0.366600396628031	11	1.0
chr11	66001926	66002831	EIF1AD	BANF1	-	+	51	divergent_classic	66002176	66002227	1.0	65.0	86.0	11	1.0	31.415598857730966	0.4336376718961686	11	1.0	14.302310366004635	0.6281460098105811	11	1.0	0.39239538471038754	0.7865131034609473	11	1.0	0.2899880531618172	0.7639719271241292	1.80234686343862	0.6021690103877719	7	1.0	1.5545491851481026	0.33109829374339506	10	0.9090909090909091
chr11	72080336	72080914	LRRC51	NUMA1	+	-	357	divergent_overlapping	72080336	72080693	0.9948096885813149	63.5	51.0	11	1.0	14.867893451351948	0.39947569900059926	10	0.9090909090909091	7.946265418379929	0.6215227027901625	11	1.0	0.21469208433877654	0.8784602260991239	11	1.0	0.18481488659149903	1.5277770728445694	1.3087701643288152	0.4622871116979093	7	1.0	3.07021430833192	0.5129205748367076	11	1.0
chr11	73876628	73877057	PAAF1	COA4	+	-	203	divergent_overlapping	73876698	73876901	1.0	64.6	45.0	11	1.0	32.248244349151676	0.663337276644481	11	1.0	14.592505439947729	0.703711972161384	11	1.0	0.32770264732333076	1.3267383672638235	11	1.0	0.16099179514574466	0.9281865385096685	1.4380063153645966	0.9070532547188798	7	1.0	2.0964067706012908	0.31272588061021256	11	1.0
chr11	74948886	74949328	XRRA1	SPCS2	-	+	60	divergent_classic	74949200	74949260	1.0	65.6	51.0	11	1.0	29.58388121787632	0.513573911568698	9	0.8181818181818182	9.111679202844677	0.7375322089585858	11	1.0	0.43438816619389525	0.8587815881554417	11	1.0	0.26909601103288117	1.0816296756741444	1.0092891033178355	0.23887700078623678	7	1.0	2.0101723613953797	0.3350262036590771	11	1.0
chr11	77820140	77821216	RSF1	AAMDC	-	+	239	divergent_classic	77820869	77821108	1.0	67.9	101.0	11	1.0	32.34763655087093	0.6330717127483364	11	1.0	9.37064473771418	0.5146616297717312	11	1.0	0.4627461912346085	0.755548585737254	11	1.0	0.228909713405872	0.7825208433360943	1.6101275979388892	0.5824650270769406	7	1.0	1.465476896677937	0.2481810963054038	9	0.8181818181818182
chr11	95789296	95790879	CEP57	FAM76B	+	-	445	divergent_overlapping	95789964	95790409	1.0	61.2	130.0	11	1.0	29.861404807137376	0.4203162865759662	11	1.0	27.191163398308813	0.6316473120079976	11	1.0	0.4887007407377136	0.7093001891741546	11	1.0	0.2776433759362048	0.6592862640963996	1.354685276240198	0.7563618799068758	7	1.0	1.602217489183417	0.40048353362505174	9	0.8181818181818182
chr11	112086628	112086957	TIMM8B	SDHD	-	+	25	divergent_classic	112086798	112086823	1.0	62.6	30.0	11	1.0	20.092516799946782	0.37051369377047727	11	1.0	8.820097099588404	0.7355172370007558	11	1.0	0.33958734611255686	0.8480883831964013	11	1.0	0.28816788659039105	0.8596510110381139	1.4094023323615161	0.48642993227650827	7	1.0	2.207099655470686	0.2142218250737624	11	1.0
chr11	126211474	126212133	RPUSD4	FAM118B	-	+	31	divergent_classic	126211692	126211723	1.0	64.0	59.0	11	1.0	30.91024208980554	0.5037481339159877	11	1.0	7.184734001134234	0.5841372740903545	11	1.0	0.5635575504797518	0.8468989151256211	11	1.0	0.39332158812414253	0.6533993275929247	0.7833878741912855	0.8446924036637995	7	1.0	1.566761503955803	0.43842215329268097	9	0.8181818181818182
chr11	126268464	126269271	FOXRED1	SRPRA	+	-	121	divergent_overlapping	126269023	126269144	1.0	65.7	78.0	11	1.0	27.509685182189642	0.4678403998427138	11	1.0	14.943550293836275	0.5441157344010938	11	1.0	0.42208211612230395	0.9682217528890721	11	1.0	0.27409948688981384	0.7494275690321385	1.811531519304945	1.007432025395944	7	1.0	1.9614605523262314	0.41751785769710664	11	1.0
chr12	6493194	6494140	NCAPD2	MRPL51	+	-	486	divergent_overlapping	6493355	6493841	0.5116279069767442	65.25	25.0	11	1.0	25.301713966791077	0.6160963389336667	11	1.0	16.57998189614328	0.4959874787164338	11	1.0	0.3162691311060273	0.8982751201811853	11	1.0	0.22236091572301966	0.4474045490801004	2.1078779286571563	0.9123432632987655	7	1.0	1.5706514524950699	0.3358955317727632	9	0.8181818181818182
chr12	6970337	6970966	PHB2	EMG1	-	+	132	divergent_classic	6970780	6970912	1.0	63.3	52.0	11	1.0	26.02982469897236	0.538835874376338	11	1.0	11.768531922619406	0.4771233239396832	11	1.0	0.3547643177048324	0.6616823440781401	11	1.0	0.24536182363316253	1.4416069315543492	1.0943584515013087	0.8271017578902023	7	1.0	1.8523604551346091	0.438719443574594	10	0.9090909090909091
chr12	26938225	26938924	INTS13	FGFR1OP2	-	+	143	divergent_classic	26938326	26938469	1.0	65.8	65.0	11	1.0	29.046604909208266	0.5121350644483524	11	1.0	16.011771128788702	0.46741864292622837	11	1.0	0.3384389825648799	1.08466799763683	11	1.0	0.29512175893053166	0.7796570730441233	1.338780750551605	0.468780105141121	7	1.0	1.5615645022483127	0.22753392074247952	10	0.9090909090909091
chr12	54279538	54281204	CBX5	HNRNPA1	-	+	59	divergent_classic	54280133	54280192	0.8415366146458584	56.2	47.5	11	1.0	18.547135283149807	0.37930111901325736	11	1.0	24.242308649359128	0.6017912597576693	11	1.0	0.2479160631589955	0.7738695565010038	11	1.0	0.2862800933730463	0.7520543397803279	1.18309586840715	0.5995241169786244	7	1.0	2.6027113346469126	0.5934897742274712	10	0.9090909090909091
chr12	56221739	56222014	RNF41	NABP2	-	+	81	divergent_classic	56221933	56222014	0.8872727272727273	60.7	22.0	11	1.0	36.39259705515932	0.6802600387456811	11	1.0	22.3965000913951	0.6938811960539724	11	1.0	0.3264729668347796	1.1642816104015778	11	1.0	0.30065875005623527	1.072254410655652	1.7300106364818197	1.0335942626643715	7	1.0	2.5172168629721177	0.2722975239746031	11	1.0
chr12	95217058	95218221	FGD6	VEZT	-	+	263	divergent_classic	95217482	95217745	1.0	65.6	118.0	11	1.0	23.66055223611987	0.35864908696890485	11	1.0	12.482922126364382	0.3756161920405859	11	1.0	0.3592756766428948	0.7935071443433181	11	1.0	0.21158812964527388	0.44631787311042087	0.9430359914916692	0.5237629999637388	7	1.0	1.663817969168415	0.2822452935454565	10	0.9090909090909091
chr12	109477326	109477833	KCTD10	UBE3B	-	+	42	divergent_classic	109477359	109477401	1.0	65.7	44.0	11	1.0	37.66576605804166	0.5113354467673354	11	1.0	30.861385299109077	0.8669025844408313	11	1.0	0.32971305438875614	1.1222659765230123	11	1.0	0.19032188396734687	0.9389556248144086	0.7577673294198062	0.4367072127713239	7	1.0	1.2799081257020932	0.2823436960596259	9	0.8181818181818182
chr12	109573189	109573794	MVK	MMAB	+	-	326	divergent_overlapping	109573254	109573580	1.0	64.5	53.0	11	1.0	16.18842605019762	0.5586827947081096	9	0.8181818181818182	8.596797042267456	0.7635939054896841	11	1.0	0.2436443746189202	0.8953378340330673	11	1.0	0.33030929307890977	1.1741013022333957	1.274650750417274	0.6114948640372508	7	1.0	2.537678792940594	0.37162969596046985	11	1.0
chr12	110468074	110469378	FAM216A	GPN3	+	-	854	divergent_overlapping	110468414	110469268	1.0	64.6	116.0	11	1.0	27.190923442372924	0.5617201010565084	11	1.0	14.400638517431927	0.5849883821807902	11	1.0	0.44080782208474517	0.6282147215004509	11	1.0	0.3126481261003104	1.0454937210862127	1.0792534962654379	0.4055017182944017	7	1.0	1.2818190948243788	0.1978358823109887	10	0.9090909090909091
chr12	112013101	112014052	TMEM116	ERP29	-	+	162	divergent_classic	112013185	112013347	1.0	67.5	94.0	11	1.0	30.414292394291554	0.5791620758842357	11	1.0	12.643169759546707	0.6792907913150125	11	1.0	0.6224055176411304	0.8726991217508087	11	1.0	0.2628843403730611	0.5815355057282957	1.1014934419374973	0.6671345278906629	7	1.0	1.6510827798036822	0.39903040517180854	9	0.8181818181818182
chr12	122526714	122527245	RSRC2	KNTC1	-	+	245	divergent_classic	122527000	122527245	0.9491525423728814	56.5	44.0	11	1.0	16.30056142129324	0.27941563666637337	11	1.0	29.34619328412668	0.5585243801231832	11	1.0	0.3749069328382395	1.058577432627714	11	1.0	0.28086001624496154	1.5586592102167263	0.9363741751382202	0.6160801261352993	7	1.0	2.9674486650411978	0.4543827580243536	11	1.0
chr12	123633550	123633932	GTF2H3	EIF2B1	+	-	28	divergent_overlapping	123633738	123633766	1.0	69.9	43.0	11	1.0	27.651048447097388	0.44767907244509525	10	0.9090909090909091	8.593975323986534	0.6599835916889855	11	1.0	0.22255457344525686	0.9808759403894903	11	1.0	0.3849792991291788	1.1425592564382583	1.3053064550842535	0.5107959883078869	7	1.0	2.580449691809171	0.5011576356138202	11	1.0
chr13	30617374	30618052	HMGB1	USPL1	-	+	95	divergent_classic	30617597	30617692	1.0	67.7	71.0	11	1.0	16.65531918159453	0.422081208505967	11	1.0	12.320252596518145	0.5320790502446423	11	1.0	0.14430954281646632	0.9927476063514099	11	1.0	0.22263617369548416	1.1157972573403645	0.5679283150501819	0.748243665520048	7	1.0	2.2535025576686496	0.5693282669484356	10	0.9090909090909091
chr13	48037510	48038132	NUDT15	SUCLA2	+	-	243	divergent_overlapping	48037725	48037968	1.0	66.6	76.0	11	1.0	17.87554255088008	0.3842485472454178	11	1.0	19.394065134414863	0.7297509239511157	11	1.0	0.46426781710467036	1.1414648829133347	11	1.0	0.25734408605505465	0.6570889766210182	1.5429057240054103	0.8190679530913847	7	1.0	1.835898574699752	0.33120129143026417	10	0.9090909090909091
chr13	49443985	49444602	CAB39L	SETDB2	-	+	209	divergent_classic	49444064	49444273	1.0	66.0	57.0	11	1.0	17.85619682699938	0.4487092091811943	11	1.0	7.330897179894806	0.5801907152335621	11	1.0	0.3061071937233846	0.9921100121329506	11	1.0	0.14131115279919673	0.6555475205257928	1.4062956004585982	0.5751653122383217	7	1.0	2.103469403674962	0.40854017788345315	10	0.9090909090909091
chr13	72781565	72782474	DIS3	PIBF1	-	+	36	divergent_classic	72782096	72782132	1.0	61.1	80.0	11	1.0	34.37331294944847	0.48789705578681775	11	1.0	11.33857211695099	0.4809977267801926	11	1.0	0.4852405323085785	1.205425573421278	11	1.0	0.22554596795040835	0.52624718859036	0.9131800672898625	0.9485940289797046	7	1.0	1.386038567722238	0.3699701088417258	9	0.8181818181818182
chr14	20454581	20455864	OSGEP	APEX1	-	+	101	divergent_classic	20455089	20455190	1.0	57.4	87.0	11	1.0	33.61581126182016	0.5855911003966782	11	1.0	28.827108765559004	0.7557471509983151	11	1.0	0.4547215469975722	0.7813239633704842	11	1.0	0.30916042184915	0.6519605055992586	1.2159905867207634	0.36896676496013053	7	1.0	1.4773133487229408	0.3603884674125241	9	0.8181818181818182
chr14	21476596	21477653	TOX4	RAB2B	+	-	364	divergent_overlapping	21476596	21476960	0.8495742667928098	60.8	60.0	11	1.0	31.403666727886524	0.4982585123948613	11	1.0	10.684328546632111	0.5042791506170033	11	1.0	0.3763268468321858	0.5636069963862589	11	1.0	0.36229129403979027	0.5298591458776775	2.1565052230535584	0.7690488404301097	7	1.0	1.4277530475529399	0.35555555329574806	9	0.8181818181818182
chr14	23094769	23095614	C14orf119	ACIN1	+	-	110	divergent_overlapping	23095504	23095614	0.8828402366863906	62.6	78.0	11	1.0	22.161462744087853	0.4942304316619366	11	1.0	19.17100478898745	0.4651815119658879	11	1.0	0.33846066527242286	0.7696780857848949	11	1.0	0.18401809486983148	0.7111593244344949	1.611923704420186	1.2576570545536143	7	1.0	3.039586108521148	0.4699358679400092	11	1.0
chr14	24146682	24147906	RNF31	PSME2	+	-	888	divergent_overlapping	24146682	24147570	0.6478758169934641	68.3	66.0	11	1.0	28.853667269085836	0.5259545158244828	11	1.0	7.612300422153665	0.7662623130492103	11	1.0	0.2616708194894738	0.804907972111984	11	1.0	0.254199264068424	0.6923593959572311	1.5742790491379364	0.6178645597625496	7	1.0	1.7205391910893537	0.5115800442887155	10	0.9090909090909091
chr14	24232367	24232786	NEDD8	GMPR2	-	+	54	divergent_classic	24232367	24232421	0.8257756563245824	58.7	28.0	11	1.0	20.268381065855735	0.2786299536395084	11	1.0	15.093842776316388	0.460360248123983	11	1.0	0.2119611531478266	1.2415195150669565	11	1.0	0.35102006111992756	1.3506630296228739	0.9016345841182651	0.590622000889435	7	1.0	1.9280147091973552	0.47133297069542	10	0.9090909090909091
chr14	60980945	60981423	SLC38A6	TRMT5	+	-	57	divergent_overlapping	60981113	60981170	1.0	63.8	45.0	11	1.0	34.511638745530654	0.5194953953993129	11	1.0	18.907403416356708	0.4939019073675388	11	1.0	0.4886984470176035	0.7881022130612708	11	1.0	0.4577498144513138	1.0647833229013017	0.8815105948767777	0.752093503597366	7	1.0	1.6718505585701486	0.46474290950109826	9	0.8181818181818182
chr14	67359422	67360809	ATP6V1D	EIF2S1	-	+	62	divergent_classic	67360265	67360327	1.0	57.3	97.0	11	1.0	31.57537295225377	0.5961297268531384	11	1.0	22.862120963546534	0.6452238070088114	11	1.0	0.3439541092043325	0.6750373688869846	11	1.0	0.344028354804043	0.643816048356765	1.2172487927798339	0.6424106556053129	7	1.0	1.6270636845499309	0.42977704856020776	9	0.8181818181818182
chr14	73949925	73950655	COQ6	FAM161B	+	-	489	divergent_overlapping	73949925	73950414	0.6863013698630137	65.1	47.0	11	1.0	31.117541732257465	0.42847571967588716	11	1.0	20.305822598808888	1.0790989013650079	11	1.0	0.4105114735744897	0.7886408098711165	11	1.0	0.31967073674782065	0.5908952662274862	0.5071354890902072	0.5824662837954271	7	1.0	1.5566072930898494	0.25520463950866057	11	1.0
chr14	74492977	74494204	ISCA2	NPC2	+	-	422	divergent_overlapping	74493755	74494177	1.0	65.0	97.0	11	1.0	30.425602726310363	0.5527460219107604	10	0.9090909090909091	9.496898257117175	0.7278677243223198	11	1.0	0.43076483121834586	0.9655686360518441	11	1.0	0.3429001401671464	0.7778566697873269	1.3734041627841107	0.3215092494879514	7	1.0	1.748005183509791	0.4190763643911145	9	0.8181818181818182
chr14	74712926	74713172	AREL1	FCF1	-	+	26	divergent_classic	74713117	74713143	1.0	62.2	19.0	11	1.0	31.833425023515225	0.6539121616330785	11	1.0	8.197116656836016	0.71253339505126	11	1.0	0.49414283270945564	0.7073084965699522	11	1.0	0.3901836621242589	0.6693055708628641	0.8436148285772346	1.527978754200884	7	1.0	1.377807557745303	0.4683119722646071	9	0.8181818181818182
chr14	77457527	77458253	AHSA1	VIPAS39	+	-	83	divergent_overlapping	77457869	77457952	1.0	59.8	51.0	11	1.0	27.884032498447592	0.4532246010025822	11	1.0	16.072276428494135	0.4616514487865571	11	1.0	0.28000104751562915	0.571588582999321	11	1.0	0.1965506819401259	0.6385952509984223	1.6027854477500194	0.6863622724766335	7	1.0	2.115746866711811	0.4644281462504705	9	0.8181818181818182
chr14	89954556	89954938	EFCAB11	TDP1	-	+	161	divergent_classic	89954777	89954938	0.7198952879581152	64.4	25.0	11	1.0	19.01460659939411	0.6559412482193187	10	0.9090909090909091	6.473356179448322	0.45775491574545346	11	1.0	0.27478715012303034	0.8604566887303824	11	1.0	0.20028975129547888	1.330872893568246	7.8683429920315735	2.0257423938068886	6	0.8571428571428571	2.063993091404665	0.3851895557854887	9	0.8181818181818182
chr15	40807045	40807680	ZFYVE19	DNAJC17	+	-	393	divergent_overlapping	40807085	40807478	1.0	65.0	54.0	11	1.0	33.23153840135316	0.6120815762620575	11	1.0	14.762237714578388	0.9164054193139562	11	1.0	0.3075454751017611	1.198542886402406	10	0.9090909090909091	0.5206912048654936	1.323104573905967	1.0988896978066527	0.6151293753208834	7	1.0	1.5555338454442789	0.24304873740620186	10	0.9090909090909091
chr15	49620788	49621285	FAM227B	DTWD1	-	+	107	divergent_classic	49620929	49621036	1.0	68.6	54.0	11	1.0	22.260958664703352	0.4414870492668381	11	1.0	13.320402683883417	0.6459426828456061	11	1.0	0.26128323421415545	1.112270053346729	11	1.0	0.56104416091557	0.7919902574848883	1.1947467442077184	0.6479779970699459	7	1.0	1.8189782955328921	0.35816373211349845	11	1.0
chr15	64093676	64094123	CIAO2A	SNX1	-	+	265	divergent_classic	64093857	64094122	1.0	58.6	31.0	11	1.0	18.2512757872866	0.29700750034603596	11	1.0	9.649243504550851	0.5187096069685997	11	1.0	0.2981474461813925	0.7050023280012943	11	1.0	0.2019448503387561	0.6635735806402868	0.7164938556067587	0.8410394353086976	7	1.0	2.2952013472388715	0.46674100605272806	11	1.0
chr15	100601770	100603230	ASB7	LINS1	+	-	642	divergent_overlapping	100602588	100603230	0.7958904109589041	64.4	80.0	11	1.0	37.9482055521105	0.5743519806126708	11	1.0	10.836914887272863	0.64711811634481	11	1.0	0.40484796731860767	0.5461998816965057	11	1.0	0.36377103902884045	0.5204482467058604	1.3298979791023082	0.360428874070539	7	1.0	1.8131524560816707	0.44580327136932574	10	0.9090909090909091
chr16	3023877	3024442	THOC6	HCFC1R1	+	-	260	divergent_overlapping	3024026	3024286	1.0	68.5	58.0	11	1.0	18.605484494042802	0.6103458185469699	11	1.0	12.852881638202632	0.7549955436910476	11	1.0	0.3405960168004372	0.8788743699661751	11	1.0	0.08399502381757261	0.9606425822238921	0.9594050277418675	0.5039672646797959	7	1.0	1.8262559322153284	0.31970310451992395	10	0.9090909090909091
chr16	3400716	3401667	ZSCAN32	ZNF174	-	+	149	divergent_classic	3401065	3401214	1.0	70.0	105.0	11	1.0	24.841590331602752	0.40777557891124866	11	1.0	8.025576861864367	0.8376022877476623	11	1.0	0.41420484268128865	0.8302064850791748	11	1.0	0.34494011652161416	0.5051289373623781	1.3005590368722075	0.5250795025140067	7	1.0	1.9950874192021155	0.3842991033975074	11	1.0
chr16	15642949	15643300	MARF1	NDE1	-	+	112	divergent_classic	15643154	15643266	1.0	74.6	43.0	11	1.0	13.856280264294663	0.5938532289438512	11	1.0	9.073644709349743	0.6581447536609674	11	1.0	0.13139058333068768	1.0367344752337269	11	1.0	0.11838279690181489	0.9349282575493357	1.3447671129740137	1.7390573076812776	7	1.0	1.9865958330406486	0.6508016271662245	9	0.8181818181818182
chr16	23641066	23641597	PALB2	DCTN5	-	+	144	divergent_classic	23641321	23641465	1.0	66.9	51.0	11	1.0	32.30010901415436	0.6867500794915653	11	1.0	11.29384465460288	0.46748405253827674	11	1.0	0.3557009538408029	0.8124282387199743	11	1.0	0.3113829108940051	0.6819843079423514	1.7409932492235138	0.9482460233720678	7	1.0	1.87120516837457	0.6314923278839218	10	0.9090909090909091
chr16	27549688	27550239	GTF3C1	KATNIP	-	+	219	divergent_classic	27549913	27550132	1.0	68.2	56.0	11	1.0	25.11195909804567	0.6550842456865934	10	0.9090909090909091	5.878149393080364	0.6013508295968979	11	1.0	0.24296143093970865	1.8554748191405266	11	1.0	0.2148355384051368	1.0955267585454604	0.8839349922811389	0.83542720815603	7	1.0	3.280035210590496	0.6439759432427493	11	1.0
chr16	28845883	28846818	TUFM	SH2B1	-	+	251	divergent_classic	28846348	28846599	1.0	67.3	84.0	11	1.0	41.309643085759284	0.5382684631029596	11	1.0	9.043501418844757	0.6452304859923546	11	1.0	0.44665425950833054	1.0198371211245834	11	1.0	0.35364014846226594	0.7798048356793753	1.7655161103489598	0.4677188575614252	7	1.0	1.6572151364950976	0.30313433151058444	11	1.0
chr16	57185574	57186671	PSME3IP1	RSPRY1	-	+	20	divergent_classic	57186116	57186136	1.0	60.0	87.0	11	1.0	29.965253958612326	0.4705203823189356	11	1.0	14.740759965793488	0.5552762334876812	11	1.0	0.39876877369499036	1.2382356705522874	11	1.0	0.3709633158298045	0.7909175827390185	1.4430566994962832	0.716542915056401	7	1.0	1.8549251989614126	0.38248889519599044	10	0.9090909090909091
chr16	70289224	70289707	DDX19B	AARS1	+	-	45	divergent_overlapping	70289662	70289707	0.7494824016563147	71.5	37.0	11	1.0	23.303216871337636	0.8031363615985424	11	1.0	19.38397454240339	0.48127684588737335	11	1.0	0.4727356738236708	1.0336479887258685	11	1.0	0.35533431593871173	0.892795196224177	0.81082988807273	0.9994243845327421	7	1.0	2.8980420092483623	0.44050507571860303	11	1.0
chr17	4142498	4143197	ZZEF1	CYB5D2	-	+	137	divergent_classic	4143030	4143167	1.0	67.4	78.0	11	1.0	31.747832788696993	0.5479580830954913	9	0.8181818181818182	6.664883038973696	0.8012177673737083	11	1.0	0.353259035636573	0.7159996881548238	11	1.0	0.22261967612689848	0.7481186430823272	1.722966450060652	0.7359786017228839	7	1.0	1.5815388065231204	0.5183457240763116	9	0.8181818181818182
chr17	4939563	4940341	RNF167	SLC25A11	+	-	46	divergent_overlapping	4940007	4940053	1.0	55.0	63.0	11	1.0	23.29120505713574	0.45741473802482985	11	1.0	10.403563592070846	0.7245693432494145	11	1.0	0.39169672009551965	0.8623648741276982	11	1.0	0.2153549854715677	0.533590902233623	1.77007454394085	0.6114575695122224	7	1.0	2.183762058022546	0.41778857671652264	10	0.9090909090909091
chr17	5486070	5486963	MIS12	DERL2	+	-	527	divergent_overlapping	5486284	5486811	1.0	65.2	84.0	11	1.0	23.4801145359977	0.4300935047402958	11	1.0	20.69572500921082	0.569518115792195	11	1.0	0.38573902288226203	1.0061140169429066	11	1.0	0.25232584014836057	0.6429075188186769	0.9432740799579792	0.593935520401704	7	1.0	2.0923476412375663	0.33025191431984674	10	0.9090909090909091
chr17	7931853	7932251	CNTROB	TRAPPC1	+	-	23	divergent_overlapping	7932100	7932123	1.0	68.3	40.0	11	1.0	18.626250711760054	0.3778465253634224	9	0.8181818181818182	5.273126430258902	0.5241155317237299	11	1.0	0.3935227852524034	1.024648078328275	11	1.0	0.28601286115533336	1.4627284261687228	1.009824912643272	0.7301706294080766	7	1.0	3.541742140804186	0.5611587025101575	11	1.0
chr17	19377687	19379228	MAPK7	B9D1	+	-	473	divergent_overlapping	19377720	19378193	1.0	64.6	126.0	11	1.0	26.85228254642949	0.5418420164389056	11	1.0	10.261485353672402	0.6464358291114124	11	1.0	0.3823668415021068	0.6481822546380267	11	1.0	0.27649933254491876	0.8386423322894545	6.981890888234207	0.663098463501384	6	0.8571428571428571	1.7059690034360662	0.40185796717236627	9	0.8181818181818182
chr17	28335045	28336022	IFT20	TNFAIP1	-	+	112	divergent_classic	28335489	28335601	1.0	66.6	79.0	11	1.0	27.348499123641954	0.4671252124109052	11	1.0	11.498587915991786	0.9375315043671708	11	1.0	0.5148519589407428	0.9164560763021515	11	1.0	0.2705821280920632	0.8707154970894732	1.635741121053497	0.666302089815142	7	1.0	2.1441017516841554	0.5612910814229515	9	0.8181818181818182
chr17	32349982	32350441	C17orf75	ZNF207	-	+	108	divergent_classic	32350023	32350131	1.0	58.0	32.0	11	1.0	30.203673361031974	0.6329718319845674	11	1.0	35.576512774569906	0.5463846513745749	11	1.0	0.3692153984240658	0.6939112285876737	11	1.0	0.3708943171713527	0.7643632553410509	0.40311291866473364	0.9616336339940164	7	1.0	1.603989366925242	0.22071601245031094	10	0.9090909090909091
chr17	49788612	49789362	KAT7	FAM117A	+	-	557	divergent_overlapping	49788623	49789180	1.0	63.6	67.0	11	1.0	27.645714462457594	0.6848473935819985	11	1.0	22.879993484577753	0.674102652602181	11	1.0	0.4210834356152651	0.9491900537609992	11	1.0	0.22948155229717246	0.8957305918180274	1.3183854178682182	0.36058386217547966	7	1.0	2.246051676263231	0.33248037246548234	11	1.0
chr17	59707191	59707747	VMP1	PTRH2	+	-	435	divergent_overlapping	59707191	59707626	0.6366906474820144	61.0	28.0	11	1.0	22.896542774820112	0.6942945096068296	10	0.9090909090909091	15.849908155586679	0.6111587031964079	11	1.0	0.3774509532693248	0.9111249841321997	11	1.0	0.1857624507253991	0.4733384523826054	0.9038072940619034	0.6612041837279805	7	1.0	2.844349812601734	0.4574097141161175	11	1.0
chr17	59892681	59893660	TUBD1	RPS6KB1	-	+	100	divergent_classic	59892945	59893045	1.0	58.3	73.0	11	1.0	30.953370735901842	0.6650565398269382	9	0.8181818181818182	8.612711213064442	0.5819411639027973	11	1.0	0.5070785728311966	0.7682167018978188	11	1.0	0.22090068544557437	1.0582640875090268	1.6868229472661886	0.5451113806863704	7	1.0	1.97828793931482	0.3802246610060697	9	0.8181818181818182
chr17	74776105	74776553	NAT9	TMEM104	-	+	131	divergent_classic	74776367	74776498	1.0	70.3	49.0	11	1.0	25.501475998686704	0.5356900751988063	11	1.0	8.364009768440937	0.6223976053723921	11	1.0	0.2709677324247812	1.2722220788027316	11	1.0	0.3769932394006876	0.8582071743669781	1.346806948585886	0.5492997485681439	7	1.0	2.8381023351314734	0.6772923669723203	10	0.9090909090909091
chr17	75666919	75667548	RECQL5	SAP30BP	-	+	61	divergent_classic	75667189	75667250	1.0	59.6	51.0	11	1.0	31.68539088454993	0.5842604941097929	11	1.0	19.29200731099288	0.8005721477903771	11	1.0	0.5114180222839604	1.0478654250449955	11	1.0	0.3507269648925097	0.7868837347100897	1.01155259958769	0.5617663578645148	7	1.0	1.6098560656281302	0.29848749091565774	10	0.9090909090909091
chr17	75978890	75979650	ACOX1	TEN1	-	+	62	divergent_classic	75979177	75979239	1.0	62.8	67.0	11	1.0	27.47285644547777	0.564894763855352	11	1.0	18.657879463070433	0.6133681999932942	11	1.0	0.3570172700121928	0.8204363089208749	11	1.0	0.17295039555396585	0.7610496616486462	0.9508272246904665	0.6716754934308308	7	1.0	1.558182520711955	0.3349219602526618	9	0.8181818181818182
chr18	56651225	56651600	WDR7	TXNL1	+	-	258	divergent_overlapping	56651342	56651600	0.8773333333333333	62.9	30.0	11	1.0	29.99240321159363	0.48211612301018436	11	1.0	8.77933298631148	0.7003923095660103	11	1.0	0.221308395644029	1.1068136415807788	11	1.0	0.24551082577373695	1.4393889008100407	0.2714285714285714	1.177335468669145	7	1.0	1.6427554054332503	0.4572749638481337	9	0.8181818181818182
chr18	80033336	80034761	TXNL4A	RBFA	-	+	439	divergent_classic	80033949	80034388	1.0	71.6	179.0	11	1.0	21.814143060299056	0.4241112569915477	11	1.0	8.859387673921113	0.8073909811904708	11	1.0	0.23009933472016544	0.8601318347940359	11	1.0	0.2767478766651641	0.8362014948019659	1.3723056283631507	0.6705270221045633	7	1.0	1.7265634077659255	0.4375700688705667	10	0.9090909090909091
chr19	6737228	6737924	GPR108	TRIP10	-	+	344	divergent_classic	6737580	6737924	0.7772988505747126	71.7	59.0	11	1.0	16.60820288934444	0.7315089160349502	11	1.0	9.615336593857878	0.4658404479857527	11	1.0	0.21288829569006423	1.1003244236980958	11	1.0	0.13866024653501446	2.1059215089739953	0.5391922010908384	0.9910407557293606	7	1.0	3.2565517399362762	0.6094838658305033	11	1.0
chr19	7629209	7629787	XAB2	PET100	-	+	242	divergent_classic	7629545	7629787	0.8685121107266436	59.2	42.0	11	1.0	30.644462579311572	0.46307971050382546	10	0.9090909090909091	12.802224406775503	1.0779417578781805	11	1.0	0.44662196834698514	1.0579705638716488	11	1.0	0.33080741376155837	0.7833280916105618	0.646975265098075	0.6157444813269287	7	1.0	2.0374922399790636	0.3204090160811296	11	1.0
chr19	18919115	18919844	COPE	DDX49	-	+	317	divergent_classic	18919387	18919704	1.0	51.7	56.0	11	1.0	25.6610578954354	0.6755991386860208	11	1.0	12.96536636783643	0.6600841259244459	11	1.0	0.47166972983350236	1.0368895134409464	11	1.0	0.23774502551320084	0.6924051602328686	0.9826412788747338	1.0451201072095209	7	1.0	2.678741435468576	0.4684920235574337	10	0.9090909090909091
chr19	19192045	19192813	RFXANK	BORCS8	+	-	363	divergent_overlapping	19192228	19192591	0.7369791666666666	65.94999999999999	24.5	11	1.0	25.742151365232885	0.5604011508179879	11	1.0	19.15227807495838	0.5013611051466453	11	1.0	0.5313242794914675	0.9443684879383637	11	1.0	0.22996133226535936	1.1195319702908404	1.0199912581163988	1.0382825163056868	7	1.0	1.769229279282136	0.25018279516763675	10	0.9090909090909091
chr19	38930423	38930975	SARS2	MRPS12	-	+	180	divergent_classic	38930763	38930943	1.0	63.2	58.0	11	1.0	17.19720148334037	0.48838648690089	11	1.0	15.724946542518587	0.6033958667532339	11	1.0	0.3526024982281239	0.9166105172366147	11	1.0	0.22129877373687268	1.0085966976777319	0.8499723769623866	0.8138324688093723	7	1.0	3.5061770566838533	0.568088717429063	11	1.0
chr19	39341858	39343033	GMFG	SAMD4B	-	+	48	divergent_classic	39342372	39342420	0.7634042553191489	64.15	40.0	11	1.0	18.09437767773024	0.5493992402110552	9	0.8181818181818182	5.214123855289859	0.628883041299741	11	1.0	0.31003165922561643	0.6431511977445868	11	1.0	0.19195465004959333	0.8318665090195243	1.6601514558298835	0.5441543661589789	7	1.0	1.6593187763819408	0.5969335266021373	9	0.8181818181818182
chr19	39390692	39391524	PAF1	MED29	-	+	148	divergent_classic	39391154	39391302	1.0	63.9	72.0	11	1.0	25.491525472533684	0.5008306190985213	11	1.0	18.13703234335241	0.7236100020402563	11	1.0	0.3778168766366942	0.7016180471906274	11	1.0	0.2430523151443276	0.6784902187190323	0.8790787218758819	0.5798875765437198	7	1.0	2.4376503751369625	0.39758214747165865	11	1.0
chr19	39435584	39436223	RPS16	SUPT5H	-	+	206	divergent_classic	39435949	39436155	1.0	62.1	56.0	11	1.0	33.23937197184135	0.5747040566701866	11	1.0	15.644078072629805	0.5686441004529506	11	1.0	0.3443458979918528	1.079131792740813	11	1.0	0.42042566898334444	1.0318387963008882	0.7824852023676213	0.6539026719512653	7	1.0	1.5591415588492639	0.3384855736488653	10	0.9090909090909091
chr19	42220038	42220513	DEDD2	ZNF526	-	+	151	divergent_classic	42220140	42220291	1.0	66.3	41.0	11	1.0	24.28394191994279	0.5971738371953386	10	0.9090909090909091	8.95867071068496	0.7313880432906962	11	1.0	0.41586752468461624	1.0881740999967127	11	1.0	0.23125547439429317	0.7428618629469408	0.8634143446135315	0.4666306786253546	7	1.0	2.773098754949832	0.7156155647273076	11	1.0
chr19	43595981	43596688	IRGQ	ZNF576	-	+	257	divergent_classic	43596134	43596391	1.0	64.4	59.0	11	1.0	14.89227606268153	0.3857474999915042	11	1.0	16.468950550532863	0.44348313815992274	11	1.0	0.400582651321745	1.06557696992117	11	1.0	0.20090934156023552	0.9088656226233356	0.7050221619860529	0.5487446186877389	7	1.0	2.9613332500989045	0.3775346314684109	11	1.0
chr19	45178065	45179898	TRAPPC6A	BLOC1S3	-	+	546	divergent_classic	45178237	45178783	1.0	59.0	151.0	11	1.0	23.998113161940765	0.44444911601024595	10	0.9090909090909091	12.16164893094819	0.866560466678694	11	1.0	0.4913661578063582	0.7190421915042413	11	1.0	0.2964865749627105	0.39618271451055204	3.4350789189230637	0.9775467476294302	6	0.8571428571428571	1.9966960312669562	0.448273227081242	10	0.9090909090909091
chr19	47112698	47113844	SAE1	ZC3H4	+	-	503	divergent_overlapping	47113273	47113776	0.7495636998254799	62.0	36.5	11	1.0	26.2645584516073	0.506406269609111	11	1.0	35.22557732103146	0.5398386337639993	11	1.0	0.46908705270744216	1.314763984758674	11	1.0	0.22989120753032272	0.8245109182361959	10.221365034183037	2.3957507022775637	7	0.875	1.6718676678846511	0.2410606989226847	10	0.9090909090909091
chr19	48619020	48619666	RPL18	SPHK2	-	+	106	divergent_classic	48619184	48619290	1.0	66.1	67.0	11	1.0	16.93258924502958	0.5444079141406013	11	1.0	8.162547712262224	0.5161271246163784	11	1.0	0.37936031404861353	0.9675717295376438	11	1.0	0.20147996086683387	1.1417971832288574	0.8883967404665799	1.0331873890149188	7	1.0	2.911783780324905	0.40671521390237797	11	1.0
chr19	49639966	49642507	RRAS	SCAF1	-	+	2065	divergent_classic	49640143	49642208	0.5659189295552932	64.85	70.5	11	1.0	15.321024125988858	0.48437723262958227	11	1.0	22.623763873681987	0.47706492966597686	11	1.0	0.2525516500458423	0.8700695329583035	11	1.0	0.20155204052541886	0.43233455914988	3.3991799721399865	0.8453559985618898	7	1.0	2.105058155479041	0.41356975568261545	10	0.9090909090909091
chr19	49876139	49878351	TBC1D17	PNKP	+	-	686	divergent_overlapping	49877665	49878351	0.9805605786618445	62.3	159.0	11	1.0	23.78173561212983	0.3610509483935728	11	1.0	24.23464826634473	0.5474700010955165	11	1.0	0.35921531789407957	0.8131314999144991	11	1.0	0.25606838083561506	0.5431471867349215	13.505421650998686	2.4208034829675236	7	0.875	2.1448056899227437	0.399973531800666	10	0.9090909090909091
chr19	50024919	50026229	ZNF473	VRK3	+	-	233	divergent_overlapping	50025713	50025946	1.0	60.8	100.0	11	1.0	23.361264385530205	0.33717291808997135	11	1.0	14.92655018178304	0.7983164365362835	11	1.0	0.49553109608771506	0.7360416349495814	11	1.0	0.37896792860620854	0.5410024037569975	1.3845847819485253	0.41418971400678456	7	1.0	2.2917107477065675	0.4139240582106083	11	1.0
chr19	54115272	54115787	PRPF31	TFPT	+	-	248	divergent_overlapping	54115409	54115657	1.0	58.6	45.0	11	1.0	26.416863595923804	0.5068602075760414	11	1.0	12.786877814415675	0.4658674189409845	11	1.0	0.3949615230267277	0.867560986491845	11	1.0	0.25841095731449076	0.9309221915620101	1.137397466313129	0.5026045494149983	7	1.0	2.543387992741887	0.32352865591594704	11	1.0
chr2	27369978	27371232	EIF2B4	SNX17	-	+	157	divergent_classic	27370338	27370495	1.0	66.1	122.0	11	1.0	36.68716513385216	0.7166820980769913	11	1.0	13.809231367448668	0.7944030504989624	11	1.0	0.48945938968586195	0.9009437979480909	11	1.0	0.31639962527168386	0.5238579786395454	1.0546732920795776	0.40787268438604063	7	1.0	1.479268444507583	0.23230043012648383	11	1.0
chr2	37083929	37084750	HEATR5B	GPATCH11	-	+	145	divergent_classic	37084372	37084517	1.0	62.2	72.0	11	1.0	33.22263856346587	0.5881982190395117	9	0.8181818181818182	7.943317964958272	0.6456080790670097	11	1.0	0.4646907545369862	0.9611361040727342	11	1.0	0.31368685013803344	0.7038209567554418	1.5778991843395553	0.43548171391712764	7	1.0	1.5154753618247752	0.44561717036101717	9	0.8181818181818182
chr2	44361815	44362219	PREPL	CAMKMT	-	+	84	divergent_classic	44361862	44361946	1.0	59.9	30.0	11	1.0	23.502316516315908	0.5291236425479837	10	0.9090909090909091	11.964395813617555	0.5723187894950424	11	1.0	0.44472420584112	0.8970754646557106	11	1.0	0.37408789363840234	1.02010454378166	1.7475092764378477	0.666859019211243	7	1.0	2.0827131516259905	0.4316242527509956	11	1.0
chr2	68157052	68158109	DNAAF10	PNO1	-	+	338	divergent_classic	68157549	68157887	1.0	59.2	70.0	11	1.0	28.10901871606435	0.38906957765712613	11	1.0	23.309913810236868	0.6188172605773695	11	1.0	0.35937851436692714	0.6440809973563818	11	1.0	0.4040188357537207	1.1504163249754564	1.059333553565311	0.6051848430590722	7	1.0	1.386199895489746	0.3082540631060057	9	0.8181818181818182
chr2	71130057	71130822	MCEE	MPHOSPH10	-	+	70	divergent_classic	71130239	71130309	1.0	64.1	75.0	11	1.0	35.32756019892469	0.5592238038634646	11	1.0	14.47243649893253	0.6369162618970367	11	1.0	0.34199315072194986	1.0712202422495296	11	1.0	0.4270440075753498	0.9944074714118892	0.9439339696990838	0.850616121773191	7	1.0	1.271931087193713	0.2569422817360805	9	0.8181818181818182
chr2	73232957	73234739	PRADC1	CCT7	-	+	180	divergent_classic	73233239	73233419	1.0	56.1	142.0	11	1.0	30.784213651954314	0.539723364763517	11	1.0	10.27388183515446	0.5202409245875736	11	1.0	0.39069562071694114	0.6540702868138616	11	1.0	0.3389960216226935	0.7033799757445113	1.1830147049866777	0.4443754804370491	7	1.0	1.4666003883868965	0.30891379058444746	10	0.9090909090909091
chr2	85354393	85354840	ELMOD3	RETSAT	+	-	138	divergent_overlapping	85354393	85354531	0.7404921700223713	61.3	25.0	11	1.0	19.71458179650812	0.5428225464044991	9	0.8181818181818182	4.899127814479783	0.6372885909281412	11	1.0	0.2235566359683826	0.7969624253663823	11	1.0	0.23411954793148756	0.9716492506664348	1.3473622065718769	0.7030878931196979	7	1.0	3.3805968794840635	0.4015200327145805	11	1.0
chr2	85561288	85561616	GGCX	VAMP8	-	+	29	divergent_classic	85561532	85561561	1.0	70.4	37.0	11	1.0	22.38166031849358	0.5757537428464341	10	0.9090909090909091	6.698730708362985	0.7772656226743904	11	1.0	0.09722972597034768	2.5710533735496153	11	1.0	0.21755643793383816	1.7956817525364208	1.367040300270114	0.5782566269961213	7	1.0	1.709280771483041	0.42300440086684316	10	0.9090909090909091
chr2	99180885	99181160	MITD1	MRPL30	-	+	93	divergent_classic	99181058	99181151	1.0	58.5	20.0	11	1.0	21.96267149688784	0.4140187751215935	10	0.9090909090909091	8.130657547436469	0.6704979767719719	11	1.0	0.49223476229250934	1.1786125278397228	11	1.0	0.4310183136583852	1.0891689929569366	0.655263157894737	1.1073273099634016	7	1.0	1.8413215352730319	0.36862589479784874	9	0.8181818181818182
chr2	121736532	121737343	NIFK	TSN	-	+	191	divergent_classic	121736911	121737102	1.0	65.7	91.0	11	1.0	28.26958163135034	0.42824762864087784	10	0.9090909090909091	8.990395551503433	0.7247400990085372	11	1.0	0.46379036057684914	1.0717988964044598	11	1.0	0.4613043538357656	1.0313849446770724	1.875737989138333	0.8984148972986948	7	1.0	1.9306153419854035	0.5595740368929998	9	0.8181818181818182
chr2	130341896	130343290	CCDC115	IMP4	-	+	177	divergent_classic	130342699	130342876	1.0	60.0	98.0	11	1.0	29.47604521005918	0.4789541633458816	11	1.0	11.569431086601021	0.9004125090961863	11	1.0	0.4193831902271736	0.7184651333328507	11	1.0	0.23417461749205035	0.39072971771186477	0.9504358294240337	0.4664342175584785	7	1.0	1.582316547535973	0.37348748316429864	9	0.8181818181818182
chr2	171433854	171434802	DCAF17	METTL8	+	-	586	divergent_overlapping	171434216	171434802	0.9831223628691983	72.3	104.0	11	1.0	25.867971012354527	0.6076725049093531	11	1.0	14.24261846737819	0.5835542357277164	11	1.0	0.3644748506586717	0.6017677897456815	11	1.0	0.5390315855542283	0.9836407020912042	1.52440242871962	0.5410957442931944	7	1.0	1.3928194729304193	0.45132098837651896	9	0.8181818181818182
chr2	206159186	206160257	NDUFS1	EEF1B2	-	+	75	divergent_classic	206159509	206159584	1.0	62.1	94.0	11	1.0	28.883608810784082	0.45435533601986205	11	1.0	17.0920139995104	0.5175689437308811	11	1.0	0.48380246864604837	0.8453478403583662	11	1.0	0.2526307015455172	0.7016750060975943	1.3069672264788805	0.6501323933856018	7	1.0	1.322266104502039	0.2668565801745947	9	0.8181818181818182
chr2	208266024	208266412	IDH1	PIKFYVE	-	+	180	divergent_classic	208266074	208266254	1.0	68.6	39.0	11	1.0	16.140416764729807	0.49588143097943227	10	0.9090909090909091	7.679499096915438	0.8385505657491977	11	1.0	0.14548740181426023	2.1536971491625065	11	1.0	0.380647658784083	0.9230421615969785	0.971413950743958	1.2246088143919764	7	1.0	2.4151317444896185	0.42053951737572326	10	0.9090909090909091
chr2	218269650	218270670	PNKD	AAMP	+	-	528	divergent_overlapping	218269650	218270178	0.5941176470588235	65.8	58.0	11	1.0	27.827171918608588	0.5769161923051802	11	1.0	7.5576264110972	0.73313396428859	11	1.0	0.4428938900377874	0.9904144475526625	11	1.0	0.2678977018268394	0.9092371286234573	13.716011671346962	2.3783240411889626	7	0.875	2.095672533705485	0.3492625604217074	10	0.9090909090909091
chr2	219229250	219229975	ATG9A	ANKZF1	-	+	65	divergent_classic	219229717	219229782	1.0	57.9	63.0	11	1.0	24.85283834270549	0.3618140000529689	11	1.0	11.128026441439117	0.45897698457400854	11	1.0	0.26712932852960053	1.1690549463220363	11	1.0	0.22499803038607472	1.0522293303842236	0.8005442603434109	0.5569644743137179	7	1.0	2.1368847829140836	0.39116198856888795	10	0.9090909090909091
chr20	5126556	5127440	PCNA	CDS2	-	+	252	divergent_classic	5126626	5126878	1.0	68.3	102.0	11	1.0	22.148123263557324	0.5645195144681565	11	1.0	8.670074177352904	0.7823390772942257	11	1.0	0.29134147410504097	0.9898791221596193	11	1.0	0.18003516769635958	1.2337389111779087	1.137000811969896	0.6429111609038556	7	1.0	1.8164990952592577	0.3961718751340016	10	0.9090909090909091
chr20	17968112	17969365	SNX5	MGME1	-	+	37	divergent_classic	17968980	17969017	1.0	63.3	117.0	11	1.0	30.644007380921256	0.506418715154017	11	1.0	25.961089160853522	0.4228293322596405	11	1.0	0.37229485240556476	0.6417641842138901	11	1.0	0.27110397223576244	0.4884428001398965	1.1283944072082803	0.6457287786195195	7	1.0	1.5383097729523434	0.31014788085329437	9	0.8181818181818182
chr21	33541997	33543491	SON	GART	+	-	454	divergent_overlapping	33543037	33543491	0.9230254350736279	60.4	106.0	11	1.0	28.401256070563605	0.41229630641066095	11	1.0	32.939947906216325	0.6247719672560008	11	1.0	0.5512652990475625	0.8253739534498268	11	1.0	0.24549087068847808	0.25481050814427997	1.285368636171635	0.6047285688806987	7	1.0	1.2557601797709839	0.26858390200038945	9	0.8181818181818182
chr21	42879001	42879698	WDR4	NDUFV3	-	+	75	divergent_classic	42879568	42879643	1.0	69.4	78.0	11	1.0	30.013740639411836	0.5308928940243843	10	0.9090909090909091	15.77758975269149	0.5858466718448703	11	1.0	0.2836288985787648	0.7221812578138748	11	1.0	0.38181385376473215	0.8704629650190965	1.4800191871620443	0.6559423576062958	7	1.0	1.6257182429313224	0.4346340790855584	9	0.8181818181818182
chr22	17628366	17628906	ATP6V1E1	BCL2L13	-	+	105	divergent_classic	17628749	17628854	1.0	61.9	40.0	11	1.0	36.955087625398384	0.6667538945963546	11	1.0	20.259982020369787	0.9427045916528086	11	1.0	0.6513599326323579	0.8670468732300605	10	0.9090909090909091	0.6627920996765254	1.0929063873550737	1.3648808646323434	0.6306509421079027	7	1.0	1.3328574580990205	0.258667592300229	9	0.8181818181818182
chr22	24554830	24556106	GUCD1	SNRPD3	-	+	22	divergent_classic	24555935	24555957	1.0	66.7	108.0	11	1.0	27.752127105363453	0.4892504038475052	11	1.0	14.658764516240252	0.4798304302382044	11	1.0	0.38190844264341295	0.9598753929986911	11	1.0	0.2652501116002344	0.714463542668609	1.0796120234274107	0.4753842659045776	7	1.0	1.4893798846042066	0.2255964167652154	11	1.0
chr22	29766847	29767368	ZMAT5	UQCR10	-	+	357	divergent_classic	29767011	29767368	0.5182341650671785	55.2	22.0	11	1.0	12.87005389687737	0.5766847947263842	11	1.0	12.34957371927962	0.578903907881483	11	1.0	0.41139322229465125	1.1157389215719151	11	1.0	0.17753976203556526	0.6967931349778597	1.0948954271534916	0.8157026489050982	7	1.0	2.186281638848617	0.30309652239097873	10	0.9090909090909091
chr22	41620771	41621780	DESI1	XRCC6	-	+	119	divergent_classic	41621043	41621162	1.0	61.3	92.0	11	1.0	32.52888636513913	0.5729113618252547	11	1.0	22.06484557514007	0.7687199778773672	11	1.0	0.3661335501731575	1.2757727341822946	11	1.0	0.2610561093737028	0.8419398395578002	0.8422431015825224	0.5224856420791057	7	1.0	1.9625396117020804	0.30025172443703063	11	1.0
chr22	49918120	49918651	CRELD2	ALG12	+	-	272	divergent_overlapping	49918166	49918438	1.0	60.6	54.0	11	1.0	18.766620694288875	0.5539008979919945	11	1.0	12.050350826346941	0.47788131074240364	10	0.9090909090909091	0.5548655171913555	1.0966107122233073	11	1.0	0.15950686421718416	1.7304560544288756	1.1613274764451236	1.0376174670664684	7	1.0	2.148846854822335	0.5682905520114278	9	0.8181818181818182
chr3	9792308	9793301	ARPC4	TADA3	+	-	517	divergent_overlapping	9792494	9793011	1.0	66.8	86.0	11	1.0	26.78986585443243	0.36484992251026055	11	1.0	26.82581721596059	0.598019063298733	11	1.0	0.34556779304162955	1.1107854276504825	11	1.0	0.31783411991931454	0.8619026762156189	1.0704432564062356	0.5503540695429915	7	1.0	1.636886729367277	0.21312678979384808	10	0.9090909090909091
chr3	14178215	14178908	XPC	LSM3	-	+	195	divergent_classic	14178621	14178816	1.0	63.1	75.0	11	1.0	23.570269601857344	0.5161568511257798	11	1.0	17.057992504426792	0.6682419633497604	11	1.0	0.3521825954649705	1.045433680599929	11	1.0	0.2104711274382374	0.8238501857740842	0.9038691046858016	0.5524518231144889	7	1.0	1.900922895509568	0.3125443176564753	11	1.0
chr3	15601263	15602074	BTD	HACL1	+	-	512	divergent_overlapping	15601340	15601852	1.0	60.9	70.0	11	1.0	25.022027054870644	0.6319457813638885	11	1.0	8.014346826440162	0.5125412234558571	11	1.0	0.2880242103686759	0.9727155616409495	11	1.0	0.3142603536199189	0.7882211298662258	1.150007836091326	0.7513836284677904	7	1.0	1.9772657441328547	0.310071507695164	11	1.0
chr3	16264629	16265479	DPH3	OXNAD1	-	+	190	divergent_classic	16264969	16265159	1.0	61.1	69.0	11	1.0	29.951619933827825	0.572393023498015	11	1.0	15.567382570577884	0.732192632040956	11	1.0	0.4413796720651382	1.0078259700260304	11	1.0	0.2782881731842991	0.4108156611760693	0.8906907857872984	0.45463399544936123	7	1.0	1.7712374320226558	0.2912910816164091	11	1.0
chr3	36992737	36993865	EPM2AIP1	MLH1	-	+	94	divergent_classic	36993131	36993225	1.0	60.3	93.0	11	1.0	18.506191370155793	0.439997753692363	11	1.0	18.897723727265408	0.4972730072896965	11	1.0	0.2508913632473684	0.9910058356506368	11	1.0	0.18493672132413314	0.49526251658820836	13.404851601630655	2.44212114257154	7	0.875	3.100946430334501	0.6294721124572935	10	0.9090909090909091
chr3	42600352	42601113	NKTR	SEC22C	+	-	426	divergent_overlapping	42600654	42601080	1.0	64.0	77.0	11	1.0	24.09162444394026	0.5907401479232931	11	1.0	11.636467506915647	0.4473019710898839	11	1.0	0.1913823419510108	0.5593403825796341	11	1.0	0.17328350730393474	0.8044313923515637	1.148122641670351	0.8274325511957777	7	1.0	1.9290651590490038	0.28809851178391227	11	1.0
chr3	50350528	50351250	NPRL2	CYB561D2	-	+	18	divergent_classic	50350826	50350844	1.0	64.8	64.0	11	1.0	21.308027656212055	0.40050354516967096	9	0.8181818181818182	7.424823509336767	0.6940338131546546	11	1.0	0.5350679939005311	0.9388210432104024	11	1.0	0.31979350925792616	0.7055549172091505	1.9445602819279932	0.8405198930528051	7	1.0	1.4873077285752074	0.308279664882767	10	0.9090909090909091
chr3	94062804	94063389	NSUN3	DHFR2	+	-	410	divergent_overlapping	94062979	94063389	0.7863247863247863	55.9	36.0	11	1.0	25.754929357164112	0.3919733606022647	11	1.0	25.814564673381895	0.4768470552542364	11	1.0	0.31203180804501324	1.0027261929564728	11	1.0	0.22321583354292107	0.6974154165012872	1.1225563909774434	0.6240434287380712	7	1.0	1.8254403664978696	0.4655683983702385	9	0.8181818181818182
chr3	167734588	167735242	PDCD10	SERPINI1	-	+	303	divergent_classic	167734939	167735242	0.6941896024464832	63.2	37.0	11	1.0	24.402016281559213	0.529421157258978	11	1.0	9.178422774358623	0.6649004481822307	10	0.9090909090909091	0.4296780361465888	1.3659779056479575	11	1.0	0.24888892989517528	0.9921522388047561	0.6746031746031746	1.0630399706684384	7	1.0	1.8532970059840155	0.46124155877522777	10	0.9090909090909091
chr3	179604558	179605000	MRPL47	NDUFB5	-	+	40	divergent_classic	179604649	179604689	1.0	59.3	34.0	11	1.0	22.286611279289893	0.34836216187311864	11	1.0	15.975871728201486	0.5619346302919752	11	1.0	0.3721309128822318	1.2046267327752593	11	1.0	0.22961424548951256	0.9486833400876302	0.5506396588486141	1.2039440248516882	7	1.0	1.8201769286837903	0.27950249788169385	10	0.9090909090909091
chr4	15681354	15681978	FAM200B	FBXL5	+	-	18	divergent_overlapping	15681661	15681679	1.0	64.3	51.0	11	1.0	20.727049392071013	0.4183532887383993	11	1.0	12.163574966137018	0.5544465687585561	11	1.0	0.3223251661611395	1.135552998158836	11	1.0	0.25628280607785325	0.5271396298282401	0.7412198725644104	0.7256618373866881	7	1.0	2.379371101273297	0.3096685781599969	11	1.0
chr4	39458467	39459191	RPL9	LIAS	-	+	72	divergent_classic	39458931	39459003	1.0	60.1	56.0	11	1.0	31.75646816824125	0.4852629281585533	11	1.0	18.128979999531865	0.5805244957000415	11	1.0	0.30086672523709307	0.4830291715461775	11	1.0	0.3285668703507276	0.8947063316677493	0.7744323765340403	0.6909300498323059	7	1.0	1.6200522734180638	0.4143101603654119	9	0.8181818181818182
chr4	56435174	56436504	PPAT	PAICS	-	+	125	divergent_classic	56435615	56435740	1.0	66.7	128.0	11	1.0	29.469884844814363	0.5846056499905002	11	1.0	15.323943502396054	0.5439570526702643	11	1.0	0.3863805814893318	0.7585669399319938	11	1.0	0.2876185088812141	0.69480206858257	1.1407049292849831	0.8718758757508184	7	1.0	1.4352555225969421	0.22277827634819639	11	1.0
chr4	75724354	75725273	USO1	G3BP2	+	-	13	divergent_overlapping	75724576	75724589	1.0	62.6	72.0	11	1.0	38.479477368368954	0.6469905274799856	11	1.0	21.392874853426186	0.6267494513410786	11	1.0	0.5191514393936952	0.9233367176497286	11	1.0	0.3625632352338728	0.8491186693330078	0.8076242139864214	0.5369043526358219	7	1.0	1.508600253695632	0.27522885467115543	9	0.8181818181818182
chr4	82900535	82901166	THAP9	SEC31A	+	-	483	divergent_overlapping	82900683	82901166	0.5974643423137876	62.9	34.0	11	1.0	20.57979450399981	0.5119275208375553	11	1.0	20.616292324379774	0.8396626225970975	11	1.0	0.29998837915118437	0.9472044464460846	11	1.0	0.14228827629377314	1.1199573053791712	1.237627049848804	0.5283398803017528	7	1.0	2.2161224528153167	0.5333893202943264	11	1.0
chr4	83455513	83456084	HELQ	MRPS18C	-	+	76	divergent_classic	83455855	83455931	1.0	59.4	45.0	11	1.0	28.306105101782318	0.5308052441037081	11	1.0	19.997593110873648	0.44375568556939937	11	1.0	0.427207686841877	1.2200243595851228	11	1.0	0.3176182407108951	0.5346707338673731	1.5769136975312534	0.6437694814735312	7	1.0	1.6928120929545576	0.29463140868078597	10	0.9090909090909091
chr4	127964849	127966034	ABHD18	MFSD8	+	-	720	divergent_overlapping	127965314	127966034	0.8160337552742616	66.0	91.0	11	1.0	32.82832008283437	0.33261011021329945	11	1.0	14.473405644103297	0.7187669178740763	11	1.0	0.39824671783240057	0.4879663028502704	11	1.0	0.47209453774619237	0.9109815521187759	0.9197017758274303	0.849294611063377	7	1.0	1.285875462523264	0.17579756281344847	9	0.8181818181818182
chr4	129093194	129093744	C4orf33	SCLT1	+	-	284	divergent_overlapping	129093316	129093600	1.0	65.8	56.0	11	1.0	27.012274310017418	0.5140432145225072	11	1.0	16.161131396395195	0.8976623434906409	11	1.0	0.3337433135856775	0.9882741544175992	11	1.0	0.348840638125619	0.938604293027766	1.0470155821683225	0.873532161782814	7	1.0	1.580409530423397	0.3590412556159384	9	0.8181818181818182
chr4	183658768	183659491	RWDD4	TRAPPC11	-	+	63	divergent_classic	183659203	183659266	1.0	74.3	85.0	11	1.0	23.71375099823408	0.5506480819899162	10	0.9090909090909091	9.338788284659511	0.5726637458468093	11	1.0	0.4296018063879354	0.8194726007843787	11	1.0	0.19165486368381196	0.6786818180641917	1.2829653320389411	0.7217011864514035	7	1.0	1.4806757371916666	0.452572109591912	9	0.8181818181818182
chr5	10249648	10250888	ATPSCKMT	CCT5	-	+	31	divergent_classic	10249897	10249928	1.0	60.2	103.0	11	1.0	30.197754834245952	0.37065990732650234	11	1.0	26.66638202278053	0.547926783855088	11	1.0	0.41224633568190777	0.8000282896763552	11	1.0	0.3146690222458734	0.5964571545642334	0.851723004133707	0.2950067042776203	7	1.0	1.4211392011348802	0.28350598713366487	9	0.8181818181818182
chr5	31532003	31532430	DROSHA	C5orf22	-	+	90	divergent_classic	31532196	31532286	1.0	63.0	42.0	11	1.0	20.687528683059593	0.39606227592096804	11	1.0	6.214514060818982	0.541198669834567	11	1.0	0.22456459911396998	2.002529019315974	11	1.0	0.20404716957570318	0.7718231280974152	1.0074013157894737	0.8017666346232323	7	1.0	2.0241262610190365	0.30622251017344776	11	1.0
chr5	55307381	55308076	DHX29	MTREX	-	+	294	divergent_classic	55307694	55307988	1.0	60.6	60.0	11	1.0	26.3460432574117	0.33311907494729753	11	1.0	19.816246709799696	0.49187225352694947	11	1.0	0.3505499861942142	0.7667078143405232	11	1.0	0.35165404770796505	0.6953857739089523	0.6509076838498391	0.8032914450428706	7	1.0	1.2812006715508244	0.257143389972172	9	0.8181818181818182
chr5	62403523	62404050	DIMT1	IPO11	-	+	28	divergent_classic	62403943	62403971	1.0	70.6	57.0	11	1.0	27.75940483689864	0.6186295570931634	11	1.0	15.615974602027318	0.5582483115857221	11	1.0	0.3535415555546429	0.6674108149244462	11	1.0	0.2571425495635225	1.1228791471675115	1.1425474297809382	0.6960661755964521	7	1.0	1.6526733564368115	0.277008963874817	11	1.0
chr5	73565134	73565785	UTP15	ANKRA2	+	-	225	divergent_overlapping	73565442	73565667	1.0	59.6	56.0	11	1.0	24.68776818758748	0.2598270043909886	11	1.0	19.0429780467384	0.7522564861645058	11	1.0	0.46477431036797756	1.0173927719193898	11	1.0	0.461504365183346	0.9646424725500371	1.0903464314342428	1.0168624948276654	7	1.0	1.3617976344392515	0.28535500754951026	9	0.8181818181818182
chr5	95554703	95555465	SKIC3	ARSK	-	+	50	divergent_classic	95555050	95555100	1.0	60.8	61.0	11	1.0	26.052304304156053	0.6967821168469128	11	1.0	8.468435788567941	0.5099250771713867	11	1.0	0.32241397895520985	0.7574860015002668	11	1.0	0.29886920889613156	0.7087152148901456	1.1064742659239697	0.4488307322596502	7	1.0	1.9072696364532504	0.388786035749982	11	1.0
chr5	140691219	140691743	HARS2	HARS1	+	-	108	divergent_overlapping	140691429	140691537	1.0	65.5	45.0	11	1.0	34.492837790554375	0.6413995339566532	11	1.0	8.244246099721412	0.4621262687028124	11	1.0	0.44084335935795205	0.8464088282377662	11	1.0	0.17136507728472905	0.5761770863329093	1.1850541422425989	0.6217394333585394	7	1.0	1.6368439740796703	0.36648833849131907	9	0.8181818181818182
chr5	176388287	176389447	HIGD2A	NOP16	+	-	177	divergent_overlapping	176388750	176388927	1.0	58.1	84.0	11	1.0	22.413685537216853	0.32052358339669274	11	1.0	15.208631737838289	0.5233156517529485	11	1.0	0.3472215033160994	0.993397411347718	11	1.0	0.3097391493777773	0.6880113415062593	1.3124777195530728	0.7141367636935082	7	1.0	1.9773735727643518	0.2589366369354154	11	1.0
chr6	30717059	30717726	TUBB	MDC1	+	-	13	divergent_overlapping	30717434	30717447	1.0	60.0	52.0	11	1.0	14.410173344844464	0.45322186874930354	10	0.9090909090909091	12.1656613220936	0.8392689117720974	11	1.0	0.23753662937936018	0.770423031268262	11	1.0	0.17476692564290672	0.8227356448327909	2.1855497897164566	0.987263993627801	7	1.0	3.281771913040427	0.6199650983999504	11	1.0
chr6	31665038	31666316	CSNK2B	GPANK1	+	-	1057	divergent_overlapping	31665226	31666283	1.0	61.5	93.0	11	1.0	26.421384020791773	0.41094861348535566	11	1.0	18.585260397410153	0.5887994370599045	11	1.0	0.407434997833135	0.7963138289906714	11	1.0	0.26980628916793775	0.8969555150149522	0.8966118025393567	0.5712553495411435	7	1.0	1.346165255725528	0.2991179727629586	9	0.8181818181818182
chr6	41921130	41921825	MED20	BYSL	-	+	359	divergent_classic	41921139	41921498	1.0	62.3	61.0	11	1.0	39.86990215931831	0.503247153777545	11	1.0	31.690535558707214	0.5680875905787034	10	0.9090909090909091	0.5552860765928065	1.212080102273256	11	1.0	0.2981500236591587	0.5626871034060303	1.3425342639505147	0.6155217647294876	7	1.0	1.5269220647116442	0.3712226493723263	9	0.8181818181818182
chr6	42050357	42050866	CCND3	TAF8	-	+	155	divergent_classic	42050357	42050512	0.9135559921414538	65.8	47.0	11	1.0	24.288763275581246	0.5721094459068861	11	1.0	16.317516771893136	0.5120229475643182	11	1.0	0.3134439021500653	1.024896256827368	11	1.0	0.21348529035443678	0.6864010287077332	0.8688151889982151	0.8070768649906938	7	1.0	1.7019740169730482	0.3882632633768634	9	0.8181818181818182
chr6	43629053	43629953	GTPBP2	MAD2L1BP	-	+	275	divergent_classic	43629264	43629539	1.0	58.8	68.0	11	1.0	19.490608385916456	0.4368760656147146	11	1.0	17.98923212187724	0.5472379618947396	11	1.0	0.1996975092085875	0.6755191514016794	11	1.0	0.32609569647039716	0.9243946397001709	1.4522388893610843	0.43302628751543715	7	1.0	1.673873925607373	0.3531134293404251	10	0.9090909090909091
chr6	49463221	49463423	MMUT	CENPQ	-	+	116	divergent_classic	49463253	49463369	1.0	60.4	20.0	11	1.0	13.022836693871888	0.4948598762703182	9	0.8181818181818182	4.684927269782867	0.5469511136819386	11	1.0	0.26878687471962803	1.3212098892070887	11	1.0	0.267369307232241	1.58428503621206	0.7428571428571429	0.9458577163224008	7	1.0	2.4652689524216225	0.33006489094913233	11	1.0
chr6	109094357	109095544	SESN1	CEP57L1	-	+	263	divergent_classic	109094846	109095109	1.0	65.6	111.0	11	1.0	22.918788069199152	0.5774092998969242	11	1.0	17.911944884892016	0.5633066293106055	11	1.0	0.20382457108544913	0.5377886234075004	11	1.0	0.20937736478276567	0.8502215581621857	1.3989209898761286	0.8430371360009965	7	1.0	1.7017188468640072	0.34039917187366164	10	0.9090909090909091
chr6	112087203	112087707	TUBE1	FAM229B	-	+	61	divergent_classic	112087529	112087590	1.0	63.3	49.0	11	1.0	26.70704981065416	0.5371857816683805	10	0.9090909090909091	5.899883127952207	0.6624536600470163	11	1.0	0.35336033491952634	1.1083764419879079	11	1.0	0.23013119509883628	0.6061539598028682	1.2533365803142789	0.492683249239944	7	1.0	1.5721103457712486	0.6215142644254298	9	0.8181818181818182
chr6	151451908	151452935	RMND1	ARMT1	-	+	99	divergent_classic	151452158	151452257	1.0	62.4	96.0	11	1.0	24.919803477411282	0.48698379258116886	11	1.0	10.848583742993998	0.5162821849259744	11	1.0	0.2678030556698489	1.0017772372071438	11	1.0	0.28794315237737284	0.6491363587365703	0.6853906611406126	0.7832159293603649	7	1.0	2.070448315332165	0.3464414305807152	11	1.0
chr7	6008765	6009624	PMS2	AIMP2	-	+	124	divergent_classic	6009130	6009254	1.0	67.2	82.0	11	1.0	22.911320182742795	0.6190353252407027	11	1.0	15.35071296923011	0.5956622179641069	11	1.0	0.3743793258885628	0.846489342373036	11	1.0	0.24672065995240172	0.7528725466142523	1.2047294142796534	0.644515386846977	7	1.0	1.7079393138195655	0.29571095501849526	11	1.0
chr7	32495283	32495928	LSM5	AVL9	-	+	142	divergent_classic	32495283	32495425	0.6992248062015504	71.8	49.0	11	1.0	28.775269183332945	0.5868263653241004	11	1.0	20.255465420899966	0.7657322576853692	11	1.0	0.32038069302868555	1.4049908119659569	11	1.0	0.3559986028528869	0.8828165592303125	0.9502456487672932	0.6337530465546339	7	1.0	1.3735086972327868	0.4455757349381713	9	0.8181818181818182
chr7	42932035	42932700	PSMA2	MRPL32	-	+	190	divergent_classic	42932185	42932375	1.0	59.1	50.0	11	1.0	26.290866089339787	0.417102697380454	11	1.0	10.81618849475452	0.5887038220769646	11	1.0	0.44537629385296945	0.8394555903725398	11	1.0	0.3182391195298859	0.8384072387234921	1.1165068377483982	0.602567748052363	7	1.0	1.5115586502863296	0.3369435427915681	10	0.9090909090909091
chr7	77798014	77799533	TMEM60	PHTF2	-	+	338	divergent_classic	77798434	77798772	1.0	65.3	139.0	11	1.0	34.60224990691217	0.5473685125477702	11	1.0	10.440690185995981	0.7209758595194604	11	1.0	0.4698849605381195	0.6628482586665342	11	1.0	0.32746395928494254	0.6206030327427823	1.180419791734636	0.5457576552363743	7	1.0	1.5692776915788635	0.34595770288353556	10	0.9090909090909091
chr7	92528173	92529091	PEX1	RBM48	-	+	252	divergent_classic	92528520	92528772	1.0	63.5	90.0	11	1.0	39.26519286635759	0.5304447038644251	11	1.0	13.095334194523156	0.6167830216204953	11	1.0	0.4075455306100693	0.8939788866701045	11	1.0	0.2964150313515713	0.42750601185152765	0.9497095133430571	0.5057953488193171	7	1.0	1.5645178648969351	0.255592661781521	10	0.9090909090909091
chr7	99504531	99505345	ZKSCAN5	ZNF394	+	-	196	divergent_overlapping	99504661	99504857	1.0	63.5	62.0	11	1.0	28.16173719333165	0.4818987920405163	11	1.0	12.170258652298772	0.5414577680685115	11	1.0	0.35052937044902904	0.9002382789996163	11	1.0	0.23743279305089524	0.8050817498413312	1.2564616251280583	0.4662596327773811	7	1.0	2.036856860563322	0.22962575694129378	11	1.0
chr7	100100550	100102023	AP4M1	MCM7	+	-	392	divergent_overlapping	100101548	100101940	1.0	68.9	148.0	11	1.0	28.78945659908138	0.5679661754295215	11	1.0	14.390703301688824	0.47513520378405855	11	1.0	0.36356114875666873	1.0573556982378172	11	1.0	0.28034691736806255	0.792259951790802	1.3532889247174962	0.4204506228773805	7	1.0	1.6570727627288044	0.24467799053099706	11	1.0
chr7	100428181	100430379	MEPCE	ZCWPW1	+	-	671	divergent_overlapping	100428321	100428992	1.0	64.7	199.0	11	1.0	23.3462475700581	0.4532038218030086	11	1.0	24.752559086908548	0.5638472335847146	11	1.0	0.27116593290253566	0.6149557020169049	11	1.0	0.3334691923946499	0.4549530631229471	1.7793622118142118	0.08119997246686718	7	1.0	1.7252232887017362	0.18212339272202455	11	1.0
chr7	108569340	108570462	THAP5	DNAJB9	-	+	116	divergent_classic	108569750	108569866	1.0	65.7	99.0	11	1.0	33.42788725891192	0.6235195586069643	11	1.0	20.32876569150918	0.7765088751520244	11	1.0	0.4096641620458394	0.7840050197977686	11	1.0	0.3854170233125984	0.576859306772202	1.2177576375589916	0.40137655309560466	7	1.0	1.5763993775361635	0.29217369734484905	10	0.9090909090909091
chr8	38996181	38997597	ADAM9	TM2D2	+	-	71	divergent_overlapping	38996753	38996824	1.0	63.8	135.0	11	1.0	30.59729392374263	0.460252612131035	11	1.0	16.693158334043662	0.6583559334511274	11	1.0	0.3575939581690072	0.6805391980130963	11	1.0	0.29250779861773585	0.5958451597293747	0.7960878629819372	0.4429713651237026	7	1.0	1.3976161085077055	0.2555982482054684	9	0.8181818181818182
chr8	73971999	73972436	ELOC	TMEM70	-	+	129	divergent_classic	73972307	73972436	0.8421052631578947	66.3	37.0	11	1.0	21.11834545989827	0.8224930620692027	11	1.0	7.395533446924126	0.7597387026215313	11	1.0	0.30981237910895615	1.26508189478698	11	1.0	0.2117053196210807	1.0062717920800617	1.1116473334518446	0.6079920742481543	7	1.0	2.8209692653844383	0.619868983473014	11	1.0
chr8	103414666	103415595	DCAF13	SLC25A32	+	-	476	divergent_overlapping	103414713	103415189	1.0	63.8	98.0	11	1.0	28.14616473155214	0.4062778473301769	11	1.0	18.989778368768505	0.5804949889748879	11	1.0	0.3321195890817188	0.9924818590156919	11	1.0	0.22350874794689568	0.5077976559609142	1.1662900690407345	0.5400483018629402	7	1.0	1.7723403884384867	0.3716595820153124	10	0.9090909090909091
chr8	108443371	108444034	EIF3E	EMC2	-	+	104	divergent_classic	108443496	108443600	1.0	65.3	58.0	11	1.0	27.626868480866495	0.36370805922546695	11	1.0	17.682067049431502	0.7915313945379682	11	1.0	0.6259946416207879	0.8056495650984672	11	1.0	0.3537321687933254	0.5844047084271943	1.569474344091933	0.960683398930227	7	1.0	1.4159197917734536	0.25340252450896655	9	0.8181818181818182
chr8	116766248	116766925	UTP23	EIF3H	+	-	421	divergent_overlapping	116766504	116766925	0.9734121122599705	62.1	57.0	11	1.0	32.90421695622844	0.6011214724732158	11	1.0	11.996810743579509	0.6912350615412335	11	1.0	0.4531375592760984	0.6483938673449458	11	1.0	0.3927900360377123	0.7334286618831158	1.100955852835552	0.5001992142657414	7	1.0	1.3508211664446284	0.2688720791373032	10	0.9090909090909091
chr9	35731813	35732760	TLN1	CREB3	-	+	402	divergent_classic	35732195	35732597	1.0	70.3	89.0	11	1.0	20.63302334597389	0.4192996213603579	11	1.0	10.997885961741057	0.6259685982607164	11	1.0	0.27383007874168713	0.6322457912262442	11	1.0	0.18234731454730638	0.6868163866120158	0.6981194573784794	0.6011455225479431	7	1.0	1.6993594850316962	0.35362656106392315	10	0.9090909090909091
chr9	35814450	35815354	TMEM8B	HINT2	+	-	904	divergent_overlapping	35814450	35815354	0.5199115044247787	74.7	54.0	11	1.0	23.707131980593775	0.4678388040320214	11	1.0	12.4234889250616	0.7762895167536602	11	1.0	0.4078474273231079	0.6285909677025504	11	1.0	0.25133321809034537	0.8511050490519402	1.1284413626843879	0.8230180786818577	7	1.0	1.387977360911841	0.32025103969283275	9	0.8181818181818182
chr9	71910595	71911763	ABHD17B	C9orf85	-	+	316	divergent_classic	71911193	71911509	0.5573630136986302	67.95	37.0	11	1.0	29.29983262867818	0.49611634742946026	11	1.0	10.762776283318269	0.5751496503482975	11	1.0	0.28234968792974896	1.185242194397128	11	1.0	0.22856553233030408	0.9385577324715214	1.1497367125821032	0.828433719471723	7	1.0	1.7078439047966292	0.38106014769698904	10	0.9090909090909091
chr9	83979411	83981227	HNRNPK	RMI1	-	+	166	divergent_classic	83980631	83980797	1.0	66.2	177.0	11	1.0	34.985740589968714	0.5178330608536982	11	1.0	31.323539059002062	0.5709972170925974	11	1.0	0.40361624652246386	0.8108061445612306	11	1.0	0.36424387992957497	0.4955813620449113	1.0923161773201537	0.5969566900922919	7	1.0	1.2025439005593659	0.22537304903825947	9	0.8181818181818182
chr9	97633058	97634132	TSTD2	NCBP1	-	+	299	divergent_classic	97633368	97633667	1.0	68.0	116.0	11	1.0	27.182549208416003	0.5304498864949759	11	1.0	24.55590525124801	0.5097877080687084	11	1.0	0.3523616796403881	0.6724737812725251	11	1.0	0.36403139315062155	0.6479576646374746	1.2268637513111078	0.6336385842720411	7	1.0	1.6419308947838764	0.2382073879752961	11	1.0
chr9	99221437	99222679	ALG2	SEC61B	-	+	121	divergent_classic	99221942	99222063	1.0	65.2	112.0	11	1.0	37.270241307025806	0.5546816816914579	11	1.0	29.32735686908155	0.5686371908533261	11	1.0	0.43680093331062825	0.8687250195542223	11	1.0	0.38697862260658406	0.6016641866145679	1.2633924669003174	0.6402982724255131	7	1.0	1.3854698349803558	0.21809963911155822	10	0.9090909090909091
chr9	100098493	100099395	ERP44	INVS	-	+	190	divergent_classic	100099052	100099242	1.0	61.4	69.0	11	1.0	28.47131003607709	0.38250904909397027	11	1.0	13.788458632171178	0.6990510368145745	11	1.0	0.5123473011280134	1.0213697290952757	11	1.0	0.30735366167346656	0.6807329465566373	0.9892772379365322	0.6234810175333815	7	1.0	1.3785829383061554	0.19555535996444026	9	0.8181818181818182
chr9	101398571	101399246	MRPL50	ZNF189	-	+	232	divergent_classic	101398618	101398850	1.0	63.7	49.0	11	1.0	20.742972310816608	0.5343584777861445	11	1.0	8.086549993507154	0.6981334060251747	11	1.0	0.13508232282465021	0.9556319185501837	11	1.0	0.27770751565915713	0.8286644961800302	1.2127312829893864	0.5844049649956853	7	1.0	1.7973741367577702	0.4104930790480129	10	0.9090909090909091
chr9	113221139	113221778	FKBP15	SLC31A1	-	+	85	divergent_classic	113221458	113221543	1.0	64.5	60.0	11	1.0	25.878260778990725	0.6016280633149248	11	1.0	9.93430035634843	0.5847955529362469	11	1.0	0.36460650335383793	0.763569262359193	11	1.0	0.17587179943321016	0.6174865922726633	1.156402361442902	0.5446074996990885	7	1.0	1.9075293398175646	0.2710483604396886	11	1.0
chr9	113275269	113275949	CDC26	PRPF4	-	+	69	divergent_classic	113275572	113275641	1.0	64.0	56.0	11	1.0	27.283258744093914	0.4530338257844215	11	1.0	17.992929432149616	0.45213573735906004	11	1.0	0.5021162119023369	0.971152338581225	11	1.0	0.43469642606104114	0.8572190206449685	1.1071678091060586	0.7021201003277844	7	1.0	1.821624238414162	0.30374739940206613	11	1.0
chr9	128275312	128276416	SWI5	GOLGA2	+	-	648	divergent_overlapping	128275378	128276026	1.0	64.0	85.0	11	1.0	33.75940027424325	0.6527345110148232	11	1.0	10.628506391572623	0.6821605600197177	11	1.0	0.34264707832806196	0.7735766038727995	11	1.0	0.33883632755616927	1.1517800686348487	1.7516041940456912	0.5693122196464774	7	1.0	1.7322761785536414	0.321535813413183	11	1.0
chr9	128322262	128323192	TRUB2	COQ4	-	+	96	divergent_classic	128322447	128322543	1.0	64.7	93.0	11	1.0	38.108374247152476	0.7304276783921813	11	1.0	10.59462143316756	0.621962426924278	11	1.0	0.498181791120989	0.7742002449267469	11	1.0	0.2616889460384495	1.011682025066651	1.1318474990827263	0.5100291274248027	7	1.0	1.5251879313199517	0.38641203839363686	10	0.9090909090909091
